date,day_of_week,item,meal,prepared_qty,consumed_qty,waste_qty,waste_reason,stock_level,days_to_expiry,customer_count
2026-03-31,Tuesday,Bread,breakfast,72,38,138.0,plate_waste,63,157,77
2026-03-31,Tuesday,Bread,dinner,115,63,138.0,plate_waste,63,157,129
2026-03-31,Tuesday,Bread,lunch,144,92,138.0,plate_waste,63,157,192
2026-03-31,Tuesday,Chicken,breakfast,144,87,296.0,overproduction,140,156,244
2026-03-31,Tuesday,Chicken,dinner,230,148,296.0,overproduction,140,156,448
2026-03-31,Tuesday,Chicken,lunch,288,131,296.0,overproduction,140,156,313
2026-03-31,Tuesday,Rice,breakfast,129,203,488.0,overproduction,98,158,414
2026-03-31,Tuesday,Rice,dinner,550,332,488.0,overproduction,98,158,984
2026-03-31,Tuesday,Rice,lunch,688,418,488.0,overproduction,98,158,1335
2026-03-31,Tuesday,Spinach,breakfast,18,32,28.0,overproduction,53,158,92
2026-03-31,Tuesday,Spinach,dinner,77,49,28.0,overproduction,53,158,108
2026-03-31,Tuesday,Spinach,lunch,36,63,28.0,overproduction,53,158,149
2026-03-31,Tuesday,Vegetables,breakfast,45,65,105.0,overproduction,78,157,200
2026-03-31,Tuesday,Vegetables,dinner,72,120,105.0,overproduction,78,157,263
2026-03-31,Tuesday,Vegetables,lunch,240,135,105.0,overproduction,78,157,316
2026-04-01,Wednesday,Bread,breakfast,55,46,33.0,spoilage,63,156,98
2026-04-01,Wednesday,Bread,dinner,73,64,33.0,spoilage,63,156,175
2026-04-01,Wednesday,Bread,lunch,98,83,33.0,spoilage,63,156,172
2026-04-01,Wednesday,Chicken,breakfast,97,88,58.0,overproduction,140,155,250
2026-04-01,Wednesday,Chicken,dinner,186,158,58.0,overproduction,140,155,477
2026-04-01,Wednesday,Chicken,lunch,203,182,58.0,overproduction,140,155,386
2026-04-01,Wednesday,Rice,breakfast,232,221,65.0,plate_waste,98,157,555
2026-04-01,Wednesday,Rice,dinner,359,340,65.0,plate_waste,98,157,897
2026-04-01,Wednesday,Rice,lunch,459,424,65.0,plate_waste,98,157,1249
2026-04-01,Wednesday,Spinach,breakfast,43,38,18.0,damaged,53,157,106
2026-04-01,Wednesday,Spinach,dinner,44,41,18.0,damaged,53,157,126
2026-04-01,Wednesday,Spinach,lunch,66,56,18.0,damaged,53,157,118
2026-04-01,Wednesday,Vegetables,breakfast,71,67,22.0,damaged,78,156,180
2026-04-01,Wednesday,Vegetables,dinner,119,112,22.0,damaged,78,156,281
2026-04-01,Wednesday,Vegetables,lunch,161,150,22.0,damaged,78,156,393
2026-04-02,Thursday,Bread,breakfast,57,51,32.0,damaged,63,155,149
2026-04-02,Thursday,Bread,dinner,120,108,32.0,damaged,63,155,291
2026-04-02,Thursday,Bread,lunch,88,74,32.0,damaged,63,155,149
2026-04-02,Thursday,Chicken,breakfast,107,94,69.0,damaged,140,154,274
2026-04-02,Thursday,Chicken,dinner,174,148,69.0,damaged,140,154,310
2026-04-02,Thursday,Chicken,lunch,196,166,69.0,damaged,140,154,463
2026-04-02,Thursday,Rice,breakfast,245,208,161.0,damaged,98,156,494
2026-04-02,Thursday,Rice,dinner,404,352,161.0,damaged,98,156,806
2026-04-02,Thursday,Rice,lunch,500,428,161.0,damaged,98,156,916
2026-04-02,Thursday,Spinach,breakfast,50,46,23.0,damaged,53,156,134
2026-04-02,Thursday,Spinach,dinner,92,77,23.0,damaged,53,156,199
2026-04-02,Thursday,Spinach,lunch,60,56,23.0,damaged,53,156,176
2026-04-02,Thursday,Vegetables,breakfast,72,62,30.0,plate_waste,78,155,148
2026-04-02,Thursday,Vegetables,dinner,172,161,30.0,plate_waste,78,155,324
2026-04-02,Thursday,Vegetables,lunch,181,172,30.0,plate_waste,78,155,530
2026-04-03,Friday,Bread,breakfast,41,37,24.0,overproduction,63,154,108
2026-04-03,Friday,Bread,dinner,86,74,24.0,overproduction,63,154,148
2026-04-03,Friday,Bread,lunch,64,56,24.0,overproduction,63,154,133
2026-04-03,Friday,Chicken,breakfast,71,67,41.0,damaged,140,153,159
2026-04-03,Friday,Chicken,dinner,116,106,41.0,damaged,140,153,238
2026-04-03,Friday,Chicken,lunch,172,145,41.0,damaged,140,153,307
2026-04-03,Friday,Rice,breakfast,173,152,87.0,damaged,98,155,482
2026-04-03,Friday,Rice,dinner,270,248,87.0,damaged,98,155,548
2026-04-03,Friday,Rice,lunch,359,315,87.0,damaged,98,155,816
2026-04-03,Friday,Spinach,breakfast,3,3,6.0,overproduction,53,155,6
2026-04-03,Friday,Spinach,dinner,60,56,6.0,overproduction,53,155,146
2026-04-03,Friday,Spinach,lunch,39,37,6.0,overproduction,53,155,79
2026-04-03,Friday,Vegetables,breakfast,81,74,34.0,damaged,78,154,234
2026-04-03,Friday,Vegetables,dinner,123,111,34.0,damaged,78,154,272
2026-04-03,Friday,Vegetables,lunch,109,94,34.0,damaged,78,154,190
2026-04-04,Saturday,Bread,breakfast,44,39,19.0,preparation,63,153,90
2026-04-04,Saturday,Bread,dinner,58,49,19.0,preparation,63,153,130
2026-04-04,Saturday,Bread,lunch,52,47,19.0,preparation,63,153,114
2026-04-04,Saturday,Chicken,breakfast,68,64,37.0,spoilage,140,152,168
2026-04-04,Saturday,Chicken,dinner,119,102,37.0,spoilage,140,152,207
2026-04-04,Saturday,Chicken,lunch,139,123,37.0,spoilage,140,152,269
2026-04-04,Saturday,Rice,breakfast,151,131,119.0,overproduction,98,154,323
2026-04-04,Saturday,Rice,dinner,284,237,119.0,overproduction,98,154,720
2026-04-04,Saturday,Rice,lunch,346,294,119.0,overproduction,98,154,679
2026-04-04,Saturday,Spinach,breakfast,34,32,12.0,damaged,53,154,106
2026-04-04,Saturday,Spinach,dinner,52,46,12.0,damaged,53,154,134
2026-04-04,Saturday,Spinach,lunch,66,62,12.0,damaged,53,154,145
2026-04-04,Saturday,Vegetables,breakfast,57,49,45.0,overproduction,78,153,112
2026-04-04,Saturday,Vegetables,dinner,67,57,45.0,overproduction,78,153,146
2026-04-04,Saturday,Vegetables,lunch,165,138,45.0,overproduction,78,153,360
2026-04-05,Sunday,Bread,breakfast,52,46,37.0,overproduction,63,152,103
2026-04-05,Sunday,Bread,dinner,106,89,37.0,overproduction,63,152,238
2026-04-05,Sunday,Bread,lunch,127,113,37.0,overproduction,63,152,270
2026-04-05,Sunday,Chicken,breakfast,103,86,61.0,overproduction,140,151,229
2026-04-05,Sunday,Chicken,dinner,173,144,61.0,overproduction,140,151,376
2026-04-05,Sunday,Chicken,lunch,196,181,61.0,overproduction,140,151,547
2026-04-05,Sunday,Rice,breakfast,263,225,137.0,overproduction,98,153,529
2026-04-05,Sunday,Rice,dinner,372,340,137.0,overproduction,98,153,873
2026-04-05,Sunday,Rice,lunch,485,418,137.0,overproduction,98,153,908
2026-04-05,Sunday,Spinach,breakfast,44,39,23.0,overproduction,53,153,83
2026-04-05,Sunday,Spinach,dinner,61,55,23.0,overproduction,53,153,157
2026-04-05,Sunday,Spinach,lunch,81,69,23.0,overproduction,53,153,226
2026-04-05,Sunday,Vegetables,breakfast,99,90,35.0,overproduction,78,152,197
2026-04-05,Sunday,Vegetables,dinner,142,127,35.0,overproduction,78,152,325
2026-04-05,Sunday,Vegetables,lunch,166,155,35.0,overproduction,78,152,341
2026-04-06,Monday,Bread,breakfast,53,50,19.0,overproduction,63,151,136
2026-04-06,Monday,Bread,dinner,82,71,19.0,overproduction,63,151,153
2026-04-06,Monday,Bread,lunch,95,90,19.0,overproduction,63,151,297
2026-04-06,Monday,Chicken,breakfast,97,86,63.0,plate_waste,140,150,184
2026-04-06,Monday,Chicken,dinner,170,145,63.0,plate_waste,140,150,403
2026-04-06,Monday,Chicken,lunch,190,163,63.0,plate_waste,140,150,454
2026-04-06,Monday,Rice,breakfast,269,225,154.0,damaged,98,152,652
2026-04-06,Monday,Rice,dinner,375,316,154.0,damaged,98,152,916
2026-04-06,Monday,Rice,lunch,477,426,154.0,damaged,98,152,1012
2026-04-06,Monday,Spinach,breakfast,28,25,15.0,overproduction,53,152,51
2026-04-06,Monday,Spinach,dinner,46,41,15.0,overproduction,53,152,106
2026-04-06,Monday,Spinach,lunch,65,58,15.0,overproduction,53,152,128
2026-04-06,Monday,Vegetables,breakfast,65,60,34.0,damaged,78,151,167
2026-04-06,Monday,Vegetables,dinner,114,108,34.0,damaged,78,151,315
2026-04-06,Monday,Vegetables,lunch,156,133,34.0,damaged,78,151,347
2026-04-07,Tuesday,Bread,breakfast,43,41,30.0,overproduction,63,150,126
2026-04-07,Tuesday,Bread,dinner,113,97,30.0,overproduction,63,150,276
2026-04-07,Tuesday,Bread,lunch,88,76,30.0,overproduction,63,150,252
2026-04-07,Tuesday,Chicken,breakfast,119,102,60.0,plate_waste,140,149,289
2026-04-07,Tuesday,Chicken,dinner,181,153,60.0,plate_waste,140,149,404
2026-04-07,Tuesday,Chicken,lunch,178,163,60.0,plate_waste,140,149,392
2026-04-07,Tuesday,Rice,breakfast,252,225,92.0,overproduction,98,151,524
2026-04-07,Tuesday,Rice,dinner,367,348,92.0,overproduction,98,151,707
2026-04-07,Tuesday,Rice,lunch,454,408,92.0,overproduction,98,151,1014
2026-04-07,Tuesday,Spinach,breakfast,13,12,19.0,plate_waste,53,151,36
2026-04-07,Tuesday,Spinach,dinner,87,74,19.0,plate_waste,53,151,191
2026-04-07,Tuesday,Spinach,lunch,95,90,19.0,plate_waste,53,151,215
2026-04-07,Tuesday,Vegetables,breakfast,89,82,39.0,preparation,78,150,211
2026-04-07,Tuesday,Vegetables,dinner,118,110,39.0,preparation,78,150,227
2026-04-07,Tuesday,Vegetables,lunch,182,158,39.0,preparation,78,150,391
2026-04-08,Wednesday,Bread,breakfast,38,34,13.0,damaged,63,149,79
2026-04-08,Wednesday,Bread,dinner,83,78,13.0,damaged,63,149,187
2026-04-08,Wednesday,Bread,lunch,73,69,13.0,damaged,63,149,156
2026-04-08,Wednesday,Chicken,breakfast,105,88,53.0,overproduction,140,148,271
2026-04-08,Wednesday,Chicken,dinner,138,128,53.0,overproduction,140,148,272
2026-04-08,Wednesday,Chicken,lunch,224,198,53.0,overproduction,140,148,571
2026-04-08,Wednesday,Rice,breakfast,250,233,155.0,overproduction,98,150,470
2026-04-08,Wednesday,Rice,dinner,397,342,155.0,overproduction,98,150,703
2026-04-08,Wednesday,Rice,lunch,521,438,155.0,overproduction,98,150,887
2026-04-08,Wednesday,Spinach,breakfast,29,26,18.0,overproduction,53,150,75
2026-04-08,Wednesday,Spinach,dinner,53,45,18.0,overproduction,53,150,96
2026-04-08,Wednesday,Spinach,lunch,62,55,18.0,overproduction,53,150,125
2026-04-08,Wednesday,Vegetables,breakfast,62,54,33.0,overproduction,78,149,158
2026-04-08,Wednesday,Vegetables,dinner,122,116,33.0,overproduction,78,149,377
2026-04-08,Wednesday,Vegetables,lunch,190,171,33.0,overproduction,78,149,544
2026-04-09,Thursday,Bread,breakfast,58,52,29.0,plate_waste,63,148,120
2026-04-09,Thursday,Bread,dinner,82,71,29.0,plate_waste,63,148,150
2026-04-09,Thursday,Bread,lunch,96,84,29.0,plate_waste,63,148,216
2026-04-09,Thursday,Chicken,breakfast,106,94,49.0,plate_waste,140,147,261
2026-04-09,Thursday,Chicken,dinner,153,140,49.0,plate_waste,140,147,374
2026-04-09,Thursday,Chicken,lunch,206,182,49.0,plate_waste,140,147,500
2026-04-09,Thursday,Rice,breakfast,226,209,121.0,overproduction,98,149,613
2026-04-09,Thursday,Rice,dinner,327,303,121.0,overproduction,98,149,629
2026-04-09,Thursday,Rice,lunch,500,420,121.0,overproduction,98,149,898
2026-04-09,Thursday,Spinach,breakfast,31,29,19.0,overproduction,53,149,63
2026-04-09,Thursday,Spinach,dinner,64,56,19.0,overproduction,53,149,114
2026-04-09,Thursday,Spinach,lunch,56,47,19.0,overproduction,53,149,149
2026-04-09,Thursday,Vegetables,breakfast,100,86,50.0,damaged,78,148,263
2026-04-09,Thursday,Vegetables,dinner,107,93,50.0,damaged,78,148,189
2026-04-09,Thursday,Vegetables,lunch,185,163,50.0,damaged,78,148,450
2026-04-10,Friday,Bread,breakfast,41,37,11.0,overproduction,63,147,117
2026-04-10,Friday,Bread,dinner,58,55,11.0,overproduction,63,147,147
2026-04-10,Friday,Bread,lunch,72,68,11.0,overproduction,63,147,162
2026-04-10,Friday,Chicken,breakfast,76,65,39.0,spoilage,140,146,187
2026-04-10,Friday,Chicken,dinner,94,89,39.0,spoilage,140,146,234
2026-04-10,Friday,Chicken,lunch,157,134,39.0,spoilage,140,146,276
2026-04-10,Friday,Rice,breakfast,183,166,104.0,overproduction,98,148,340
2026-04-10,Friday,Rice,dinner,305,259,104.0,overproduction,98,148,715
2026-04-10,Friday,Rice,lunch,366,325,104.0,overproduction,98,148,663
2026-04-10,Friday,Spinach,breakfast,29,27,13.0,spoilage,53,148,57
2026-04-10,Friday,Spinach,dinner,28,26,13.0,spoilage,53,148,72
2026-04-10,Friday,Spinach,lunch,74,65,13.0,spoilage,53,148,144
2026-04-10,Friday,Vegetables,breakfast,65,59,33.0,overproduction,78,147,153
2026-04-10,Friday,Vegetables,dinner,80,68,33.0,overproduction,78,147,174
2026-04-10,Friday,Vegetables,lunch,127,112,33.0,overproduction,78,147,354
2026-04-11,Saturday,Bread,breakfast,39,33,17.0,preparation,63,146,79
2026-04-11,Saturday,Bread,dinner,54,48,17.0,preparation,63,146,99
2026-04-11,Saturday,Bread,lunch,64,59,17.0,preparation,63,146,135
2026-04-11,Saturday,Chicken,breakfast,63,59,40.0,overproduction,140,145,158
2026-04-11,Saturday,Chicken,dinner,121,109,40.0,overproduction,140,145,305
2026-04-11,Saturday,Chicken,lunch,154,130,40.0,overproduction,140,145,375
2026-04-11,Saturday,Rice,breakfast,184,169,100.0,overproduction,98,147,370
2026-04-11,Saturday,Rice,dinner,264,235,100.0,overproduction,98,147,676
2026-04-11,Saturday,Rice,lunch,382,326,100.0,overproduction,98,147,715
2026-04-11,Saturday,Spinach,breakfast,10,9,22.0,plate_waste,53,147,24
2026-04-11,Saturday,Spinach,dinner,75,63,22.0,plate_waste,53,147,207
2026-04-11,Saturday,Spinach,lunch,69,60,22.0,plate_waste,53,147,191
2026-04-11,Saturday,Vegetables,breakfast,58,55,24.0,overproduction,78,146,161
2026-04-11,Saturday,Vegetables,dinner,88,74,24.0,overproduction,78,146,240
2026-04-11,Saturday,Vegetables,lunch,104,97,24.0,overproduction,78,146,225
2026-04-12,Sunday,Bread,breakfast,49,45,15.0,spoilage,63,145,92
2026-04-12,Sunday,Bread,dinner,70,66,15.0,spoilage,63,145,137
2026-04-12,Sunday,Bread,lunch,110,103,15.0,spoilage,63,145,269
2026-04-12,Sunday,Chicken,breakfast,89,78,47.0,damaged,140,144,235
2026-04-12,Sunday,Chicken,dinner,161,151,47.0,damaged,140,144,366
2026-04-12,Sunday,Chicken,lunch,215,189,47.0,damaged,140,144,457
2026-04-12,Sunday,Rice,breakfast,264,228,145.0,overproduction,98,146,609
2026-04-12,Sunday,Rice,dinner,366,332,145.0,overproduction,98,146,701
2026-04-12,Sunday,Rice,lunch,547,472,145.0,overproduction,98,146,1014
2026-04-12,Sunday,Spinach,breakfast,25,22,10.0,overproduction,53,146,53
2026-04-12,Sunday,Spinach,dinner,59,55,10.0,overproduction,53,146,183
2026-04-12,Sunday,Spinach,lunch,57,54,10.0,overproduction,53,146,110
2026-04-12,Sunday,Vegetables,breakfast,89,80,42.0,damaged,78,145,165
2026-04-12,Sunday,Vegetables,dinner,165,141,42.0,damaged,78,145,378
2026-04-12,Sunday,Vegetables,lunch,136,127,42.0,damaged,78,145,403
2026-04-13,Monday,Bread,breakfast,66,58,27.0,overproduction,63,144,127
2026-04-13,Monday,Bread,dinner,80,67,27.0,overproduction,63,144,161
2026-04-13,Monday,Bread,lunch,101,95,27.0,overproduction,63,144,304
2026-04-13,Monday,Chicken,breakfast,96,83,41.0,overproduction,140,143,192
2026-04-13,Monday,Chicken,dinner,158,141,41.0,overproduction,140,143,404
2026-04-13,Monday,Chicken,lunch,173,162,41.0,overproduction,140,143,468
2026-04-13,Monday,Rice,breakfast,240,208,106.0,damaged,98,145,465
2026-04-13,Monday,Rice,dinner,402,381,106.0,damaged,98,145,1257
2026-04-13,Monday,Rice,lunch,484,431,106.0,damaged,98,145,1419
2026-04-13,Monday,Spinach,breakfast,23,21,14.0,overproduction,53,145,45
2026-04-13,Monday,Spinach,dinner,63,54,14.0,overproduction,53,145,117
2026-04-13,Monday,Spinach,lunch,29,26,14.0,overproduction,53,145,77
2026-04-13,Monday,Vegetables,breakfast,92,87,36.0,overproduction,78,144,206
2026-04-13,Monday,Vegetables,dinner,140,123,36.0,overproduction,78,144,285
2026-04-13,Monday,Vegetables,lunch,184,170,36.0,overproduction,78,144,366
2026-04-14,Tuesday,Bread,breakfast,39,36,25.0,plate_waste,63,143,100
2026-04-14,Tuesday,Bread,dinner,80,71,25.0,plate_waste,63,143,201
2026-04-14,Tuesday,Bread,lunch,118,105,25.0,plate_waste,63,143,302
2026-04-14,Tuesday,Chicken,breakfast,100,86,64.0,spoilage,140,142,227
2026-04-14,Tuesday,Chicken,dinner,169,152,64.0,spoilage,140,142,482
2026-04-14,Tuesday,Chicken,lunch,233,200,64.0,spoilage,140,142,572
2026-04-14,Tuesday,Rice,breakfast,241,215,160.0,overproduction,98,144,465
2026-04-14,Tuesday,Rice,dinner,402,348,160.0,overproduction,98,144,728
2026-04-14,Tuesday,Rice,lunch,536,456,160.0,overproduction,98,144,969
2026-04-14,Tuesday,Spinach,breakfast,31,29,23.0,overproduction,53,144,90
2026-04-14,Tuesday,Spinach,dinner,63,54,23.0,overproduction,53,144,128
2026-04-14,Tuesday,Spinach,lunch,72,60,23.0,overproduction,53,144,189
2026-04-14,Tuesday,Vegetables,breakfast,83,70,47.0,spoilage,78,143,164
2026-04-14,Tuesday,Vegetables,dinner,123,115,47.0,spoilage,78,143,243
2026-04-14,Tuesday,Vegetables,lunch,169,143,47.0,spoilage,78,143,395
2026-04-15,Wednesday,Bread,breakfast,53,47,26.0,overproduction,63,142,99
2026-04-15,Wednesday,Bread,dinner,69,62,26.0,overproduction,63,142,153
2026-04-15,Wednesday,Bread,lunch,102,89,26.0,overproduction,63,142,281
2026-04-15,Wednesday,Chicken,breakfast,103,90,60.0,damaged,140,141,238
2026-04-15,Wednesday,Chicken,dinner,148,137,60.0,damaged,140,141,304
2026-04-15,Wednesday,Chicken,lunch,230,194,60.0,damaged,140,141,394
2026-04-15,Wednesday,Rice,breakfast,256,222,133.0,plate_waste,98,143,589
2026-04-15,Wednesday,Rice,dinner,431,400,133.0,plate_waste,98,143,812
2026-04-15,Wednesday,Rice,lunch,494,426,133.0,plate_waste,98,143,997
2026-04-15,Wednesday,Spinach,breakfast,12,11,17.0,damaged,53,143,26
2026-04-15,Wednesday,Spinach,dinner,75,71,17.0,damaged,53,143,148
2026-04-15,Wednesday,Spinach,lunch,93,81,17.0,damaged,53,143,190
2026-04-15,Wednesday,Vegetables,breakfast,91,86,52.0,overproduction,78,142,245
2026-04-15,Wednesday,Vegetables,dinner,118,101,52.0,overproduction,78,142,259
2026-04-15,Wednesday,Vegetables,lunch,187,157,52.0,overproduction,78,142,339
2026-04-16,Thursday,Bread,breakfast,58,51,34.0,preparation,63,141,134
2026-04-16,Thursday,Bread,dinner,85,73,34.0,preparation,63,141,158
2026-04-16,Thursday,Bread,lunch,100,85,34.0,preparation,63,141,236
2026-04-16,Thursday,Chicken,breakfast,110,92,72.0,damaged,140,140,189
2026-04-16,Thursday,Chicken,dinner,175,149,72.0,damaged,140,140,375
2026-04-16,Thursday,Chicken,lunch,205,177,72.0,damaged,140,140,447
2026-04-16,Thursday,Rice,breakfast,239,210,144.0,overproduction,98,142,492
2026-04-16,Thursday,Rice,dinner,367,311,144.0,overproduction,98,142,660
2026-04-16,Thursday,Rice,lunch,500,441,144.0,overproduction,98,142,1048
2026-04-16,Thursday,Spinach,breakfast,43,39,26.0,overproduction,53,142,93
2026-04-16,Thursday,Spinach,dinner,70,61,26.0,overproduction,53,142,125
2026-04-16,Thursday,Spinach,lunch,97,84,26.0,overproduction,53,142,231
2026-04-16,Thursday,Vegetables,breakfast,90,78,56.0,damaged,78,141,161
2026-04-16,Thursday,Vegetables,dinner,160,138,56.0,damaged,78,141,428
2026-04-16,Thursday,Vegetables,lunch,175,153,56.0,damaged,78,141,444
2026-04-17,Friday,Bread,breakfast,35,31,10.0,damaged,63,140,70
2026-04-17,Friday,Bread,dinner,57,54,10.0,damaged,63,140,159
2026-04-17,Friday,Bread,lunch,58,55,10.0,damaged,63,140,111
2026-04-17,Friday,Chicken,breakfast,88,77,41.0,spoilage,140,139,197
2026-04-17,Friday,Chicken,dinner,84,77,41.0,spoilage,140,139,199
2026-04-17,Friday,Chicken,lunch,185,162,41.0,spoilage,140,139,324
2026-04-17,Friday,Rice,breakfast,172,149,69.0,overproduction,98,141,328
2026-04-17,Friday,Rice,dinner,240,219,69.0,overproduction,98,141,466
2026-04-17,Friday,Rice,lunch,326,301,69.0,overproduction,98,141,763
2026-04-17,Friday,Spinach,breakfast,44,37,23.0,plate_waste,53,141,103
2026-04-17,Friday,Spinach,dinner,37,32,23.0,plate_waste,53,141,84
2026-04-17,Friday,Spinach,lunch,72,61,23.0,plate_waste,53,141,142
2026-04-17,Friday,Vegetables,breakfast,88,76,40.0,damaged,78,140,239
2026-04-17,Friday,Vegetables,dinner,84,71,40.0,damaged,78,140,157
2026-04-17,Friday,Vegetables,lunch,131,116,40.0,damaged,78,140,332
2026-04-18,Saturday,Bread,breakfast,42,37,15.0,spoilage,63,139,84
2026-04-18,Saturday,Bread,dinner,70,66,15.0,spoilage,63,139,133
2026-04-18,Saturday,Bread,lunch,98,92,15.0,spoilage,63,139,197
2026-04-18,Saturday,Chicken,breakfast,62,57,32.0,overproduction,140,138,137
2026-04-18,Saturday,Chicken,dinner,117,110,32.0,overproduction,140,138,303
2026-04-18,Saturday,Chicken,lunch,169,149,32.0,overproduction,140,138,426
2026-04-18,Saturday,Rice,breakfast,168,158,66.0,overproduction,98,140,340
2026-04-18,Saturday,Rice,dinner,241,205,66.0,overproduction,98,140,634
2026-04-18,Saturday,Rice,lunch,345,325,66.0,overproduction,98,140,923
2026-04-18,Saturday,Spinach,breakfast,13,11,16.0,overproduction,53,140,28
2026-04-18,Saturday,Spinach,dinner,32,30,16.0,overproduction,53,140,62
2026-04-18,Saturday,Spinach,lunch,74,62,16.0,overproduction,53,140,133
2026-04-18,Saturday,Vegetables,breakfast,54,46,29.0,overproduction,78,139,151
2026-04-18,Saturday,Vegetables,dinner,83,76,29.0,overproduction,78,139,180
2026-04-18,Saturday,Vegetables,lunch,115,101,29.0,overproduction,78,139,250
2026-04-19,Sunday,Bread,breakfast,48,44,27.0,overproduction,63,138,126
2026-04-19,Sunday,Bread,dinner,87,77,27.0,overproduction,63,138,156
2026-04-19,Sunday,Bread,lunch,89,76,27.0,overproduction,63,138,177
2026-04-19,Sunday,Chicken,breakfast,110,94,66.0,overproduction,140,137,199
2026-04-19,Sunday,Chicken,dinner,147,134,66.0,overproduction,140,137,340
2026-04-19,Sunday,Chicken,lunch,232,195,66.0,overproduction,140,137,443
2026-04-19,Sunday,Rice,breakfast,258,228,113.0,overproduction,98,139,477
2026-04-19,Sunday,Rice,dinner,392,353,113.0,overproduction,98,139,1136
2026-04-19,Sunday,Rice,lunch,489,445,113.0,overproduction,98,139,982
2026-04-19,Sunday,Spinach,breakfast,39,36,22.0,plate_waste,53,139,112
2026-04-19,Sunday,Spinach,dinner,55,50,22.0,plate_waste,53,139,107
2026-04-19,Sunday,Spinach,lunch,98,84,22.0,plate_waste,53,139,249
2026-04-19,Sunday,Vegetables,breakfast,85,76,43.0,preparation,78,138,161
2026-04-19,Sunday,Vegetables,dinner,137,122,43.0,preparation,78,138,401
2026-04-19,Sunday,Vegetables,lunch,175,156,43.0,preparation,78,138,412
2026-04-20,Monday,Bread,breakfast,52,44,26.0,damaged,63,137,127
2026-04-20,Monday,Bread,dinner,82,70,26.0,damaged,63,137,148
2026-04-20,Monday,Bread,lunch,80,74,26.0,damaged,63,137,154
2026-04-20,Monday,Chicken,breakfast,96,87,65.0,overproduction,140,136,227
2026-04-20,Monday,Chicken,dinner,155,133,65.0,overproduction,140,136,379
2026-04-20,Monday,Chicken,lunch,226,192,65.0,overproduction,140,136,389
2026-04-20,Monday,Rice,breakfast,238,212,141.0,plate_waste,98,138,538
2026-04-20,Monday,Rice,dinner,380,346,141.0,plate_waste,98,138,1136
2026-04-20,Monday,Rice,lunch,532,451,141.0,plate_waste,98,138,1404
2026-04-20,Monday,Spinach,breakfast,41,38,13.0,damaged,53,138,104
2026-04-20,Monday,Spinach,dinner,43,38,13.0,damaged,53,138,92
2026-04-20,Monday,Spinach,lunch,83,78,13.0,damaged,53,138,195
2026-04-20,Monday,Vegetables,breakfast,76,67,33.0,damaged,78,137,149
2026-04-20,Monday,Vegetables,dinner,128,120,33.0,damaged,78,137,391
2026-04-20,Monday,Vegetables,lunch,158,142,33.0,damaged,78,137,355
2026-04-21,Tuesday,Bread,breakfast,57,48,26.0,damaged,63,136,100
2026-04-21,Tuesday,Bread,dinner,93,83,26.0,damaged,63,136,200
2026-04-21,Tuesday,Bread,lunch,116,109,26.0,damaged,63,136,241
2026-04-21,Tuesday,Chicken,breakfast,106,89,61.0,overproduction,140,135,213
2026-04-21,Tuesday,Chicken,dinner,155,139,61.0,overproduction,140,135,451
2026-04-21,Tuesday,Chicken,lunch,208,180,61.0,overproduction,140,135,411
2026-04-21,Tuesday,Rice,breakfast,243,221,79.0,overproduction,98,137,478
2026-04-21,Tuesday,Rice,dinner,332,315,79.0,overproduction,98,137,837
2026-04-21,Tuesday,Rice,lunch,485,445,79.0,overproduction,98,137,1097
2026-04-21,Tuesday,Spinach,breakfast,24,22,17.0,damaged,53,137,53
2026-04-21,Tuesday,Spinach,dinner,53,45,17.0,damaged,53,137,132
2026-04-21,Tuesday,Spinach,lunch,71,64,17.0,damaged,53,137,159
2026-04-21,Tuesday,Vegetables,breakfast,79,66,54.0,damaged,78,136,216
2026-04-21,Tuesday,Vegetables,dinner,142,124,54.0,damaged,78,136,351
2026-04-21,Tuesday,Vegetables,lunch,161,138,54.0,damaged,78,136,375
2026-04-22,Wednesday,Bread,breakfast,52,48,31.0,overproduction,63,135,140
2026-04-22,Wednesday,Bread,dinner,86,74,31.0,overproduction,63,135,156
2026-04-22,Wednesday,Bread,lunch,97,82,31.0,overproduction,63,135,168
2026-04-22,Wednesday,Chicken,breakfast,119,103,45.0,overproduction,140,134,212
2026-04-22,Wednesday,Chicken,dinner,169,156,45.0,overproduction,140,134,478
2026-04-22,Wednesday,Chicken,lunch,211,195,45.0,overproduction,140,134,540
2026-04-22,Wednesday,Rice,breakfast,245,209,132.0,damaged,98,136,666
2026-04-22,Wednesday,Rice,dinner,350,322,132.0,damaged,98,136,768
2026-04-22,Wednesday,Rice,lunch,482,414,132.0,damaged,98,136,883
2026-04-22,Wednesday,Spinach,breakfast,8,7,14.0,overproduction,53,136,14
2026-04-22,Wednesday,Spinach,dinner,40,34,14.0,overproduction,53,136,94
2026-04-22,Wednesday,Spinach,lunch,54,47,14.0,overproduction,53,136,104
2026-04-22,Wednesday,Vegetables,breakfast,86,74,30.0,overproduction,78,135,228
2026-04-22,Wednesday,Vegetables,dinner,111,105,30.0,overproduction,78,135,244
2026-04-22,Wednesday,Vegetables,lunch,159,147,30.0,overproduction,78,135,316
2026-04-23,Thursday,Bread,breakfast,51,47,25.0,overproduction,63,134,103
2026-04-23,Thursday,Bread,dinner,102,89,25.0,overproduction,63,134,186
2026-04-23,Thursday,Bread,lunch,83,75,25.0,overproduction,63,134,174
2026-04-23,Thursday,Chicken,breakfast,106,98,53.0,spoilage,140,133,276
2026-04-23,Thursday,Chicken,dinner,173,164,53.0,spoilage,140,133,504
2026-04-23,Thursday,Chicken,lunch,248,212,53.0,spoilage,140,133,579
2026-04-23,Thursday,Rice,breakfast,247,222,138.0,overproduction,98,135,470
2026-04-23,Thursday,Rice,dinner,409,373,138.0,overproduction,98,135,856
2026-04-23,Thursday,Rice,lunch,500,423,138.0,overproduction,98,135,931
2026-04-23,Thursday,Spinach,breakfast,43,40,16.0,plate_waste,53,135,131
2026-04-23,Thursday,Spinach,dinner,79,70,16.0,plate_waste,53,135,142
2026-04-23,Thursday,Spinach,lunch,52,48,16.0,plate_waste,53,135,113
2026-04-23,Thursday,Vegetables,breakfast,86,78,32.0,spoilage,78,134,186
2026-04-23,Thursday,Vegetables,dinner,129,117,32.0,spoilage,78,134,343
2026-04-23,Thursday,Vegetables,lunch,153,141,32.0,spoilage,78,134,284
2026-04-24,Friday,Bread,breakfast,42,39,22.0,overproduction,63,133,85
2026-04-24,Friday,Bread,dinner,64,54,22.0,overproduction,63,133,119
2026-04-24,Friday,Bread,lunch,65,56,22.0,overproduction,63,133,142
2026-04-24,Friday,Chicken,breakfast,71,66,29.0,overproduction,140,132,133
2026-04-24,Friday,Chicken,dinner,134,121,29.0,overproduction,140,132,296
2026-04-24,Friday,Chicken,lunch,133,122,29.0,overproduction,140,132,363
2026-04-24,Friday,Rice,breakfast,160,136,107.0,plate_waste,98,134,334
2026-04-24,Friday,Rice,dinner,271,240,107.0,plate_waste,98,134,488
2026-04-24,Friday,Rice,lunch,370,318,107.0,plate_waste,98,134,644
2026-04-24,Friday,Spinach,breakfast,21,20,11.0,overproduction,53,134,64
2026-04-24,Friday,Spinach,dinner,45,42,11.0,overproduction,53,134,140
2026-04-24,Friday,Spinach,lunch,42,35,11.0,overproduction,53,134,104
2026-04-24,Friday,Vegetables,breakfast,52,47,31.0,damaged,78,133,95
2026-04-24,Friday,Vegetables,dinner,99,83,31.0,damaged,78,133,188
2026-04-24,Friday,Vegetables,lunch,164,154,31.0,damaged,78,133,366
2026-04-25,Saturday,Bread,breakfast,38,36,19.0,plate_waste,63,132,77
2026-04-25,Saturday,Bread,dinner,35,31,19.0,plate_waste,63,132,62
2026-04-25,Saturday,Bread,lunch,79,66,19.0,plate_waste,63,132,149
2026-04-25,Saturday,Chicken,breakfast,69,64,36.0,damaged,140,131,202
2026-04-25,Saturday,Chicken,dinner,125,106,36.0,damaged,140,131,298
2026-04-25,Saturday,Chicken,lunch,125,113,36.0,damaged,140,131,344
2026-04-25,Saturday,Rice,breakfast,174,146,87.0,plate_waste,98,133,295
2026-04-25,Saturday,Rice,dinner,239,220,87.0,plate_waste,98,133,541
2026-04-25,Saturday,Rice,lunch,306,266,87.0,plate_waste,98,133,568
2026-04-25,Saturday,Spinach,breakfast,22,20,12.0,spoilage,53,133,54
2026-04-25,Saturday,Spinach,dinner,33,28,12.0,spoilage,53,133,63
2026-04-25,Saturday,Spinach,lunch,47,42,12.0,spoilage,53,133,137
2026-04-25,Saturday,Vegetables,breakfast,67,61,23.0,overproduction,78,132,155
2026-04-25,Saturday,Vegetables,dinner,75,67,23.0,overproduction,78,132,203
2026-04-25,Saturday,Vegetables,lunch,74,65,23.0,overproduction,78,132,144
2026-04-26,Sunday,Bread,breakfast,49,47,21.0,preparation,63,131,116
2026-04-26,Sunday,Bread,dinner,85,71,21.0,preparation,63,131,146
2026-04-26,Sunday,Bread,lunch,86,81,21.0,preparation,63,131,180
2026-04-26,Sunday,Chicken,breakfast,84,79,54.0,overproduction,140,130,221
2026-04-26,Sunday,Chicken,dinner,176,157,54.0,overproduction,140,130,322
2026-04-26,Sunday,Chicken,lunch,227,197,54.0,overproduction,140,130,651
2026-04-26,Sunday,Rice,breakfast,221,203,109.0,preparation,98,132,584
2026-04-26,Sunday,Rice,dinner,392,349,109.0,preparation,98,132,973
2026-04-26,Sunday,Rice,lunch,470,422,109.0,preparation,98,132,1161
2026-04-26,Sunday,Spinach,breakfast,27,26,12.0,damaged,53,132,74
2026-04-26,Sunday,Spinach,dinner,56,50,12.0,damaged,53,132,161
2026-04-26,Sunday,Spinach,lunch,72,67,12.0,damaged,53,132,149
2026-04-26,Sunday,Vegetables,breakfast,76,64,67.0,damaged,78,131,172
2026-04-26,Sunday,Vegetables,dinner,163,137,67.0,damaged,78,131,327
2026-04-26,Sunday,Vegetables,lunch,189,160,67.0,damaged,78,131,495
2026-04-27,Monday,Bread,breakfast,57,50,24.0,overproduction,63,130,131
2026-04-27,Monday,Bread,dinner,82,75,24.0,overproduction,63,130,188
2026-04-27,Monday,Bread,lunch,101,91,24.0,overproduction,63,130,263
2026-04-27,Monday,Chicken,breakfast,105,90,70.0,preparation,140,129,231
2026-04-27,Monday,Chicken,dinner,155,138,70.0,preparation,140,129,365
2026-04-27,Monday,Chicken,lunch,247,209,70.0,preparation,140,129,542
2026-04-27,Monday,Rice,breakfast,244,215,83.0,spoilage,98,131,662
2026-04-27,Monday,Rice,dinner,340,315,83.0,spoilage,98,131,884
2026-04-27,Monday,Rice,lunch,488,459,83.0,spoilage,98,131,1350
2026-04-27,Monday,Spinach,breakfast,20,18,17.0,overproduction,53,131,42
2026-04-27,Monday,Spinach,dinner,68,59,17.0,overproduction,53,131,118
2026-04-27,Monday,Spinach,lunch,53,47,17.0,overproduction,53,131,121
2026-04-27,Monday,Vegetables,breakfast,63,56,41.0,spoilage,78,130,170
2026-04-27,Monday,Vegetables,dinner,124,115,41.0,spoilage,78,130,371
2026-04-27,Monday,Vegetables,lunch,163,138,41.0,spoilage,78,130,456
2026-04-28,Tuesday,Bread,breakfast,61,53,33.0,damaged,63,129,149
2026-04-28,Tuesday,Bread,dinner,83,76,33.0,damaged,63,129,188
2026-04-28,Tuesday,Bread,lunch,108,90,33.0,damaged,63,129,270
2026-04-28,Tuesday,Chicken,breakfast,91,79,45.0,overproduction,140,128,192
2026-04-28,Tuesday,Chicken,dinner,146,127,45.0,overproduction,140,128,373
2026-04-28,Tuesday,Chicken,lunch,200,186,45.0,overproduction,140,128,492
2026-04-28,Tuesday,Rice,breakfast,226,214,117.0,damaged,98,130,525
2026-04-28,Tuesday,Rice,dinner,370,339,117.0,damaged,98,130,1011
2026-04-28,Tuesday,Rice,lunch,478,404,117.0,damaged,98,130,928
2026-04-28,Tuesday,Spinach,breakfast,58,49,21.0,overproduction,53,130,102
2026-04-28,Tuesday,Spinach,dinner,52,46,21.0,overproduction,53,130,140
2026-04-28,Tuesday,Spinach,lunch,53,47,21.0,overproduction,53,130,109
2026-04-28,Tuesday,Vegetables,breakfast,76,65,55.0,overproduction,78,129,138
2026-04-28,Tuesday,Vegetables,dinner,141,123,55.0,overproduction,78,129,322
2026-04-28,Tuesday,Vegetables,lunch,162,136,55.0,overproduction,78,129,347
2026-04-29,Wednesday,Bread,breakfast,61,54,18.0,spoilage,63,128,113
2026-04-29,Wednesday,Bread,dinner,119,112,18.0,spoilage,63,128,249
2026-04-29,Wednesday,Bread,lunch,76,72,18.0,spoilage,63,128,190
2026-04-29,Wednesday,Chicken,breakfast,84,78,47.0,damaged,140,127,200
2026-04-29,Wednesday,Chicken,dinner,160,143,47.0,damaged,140,127,301
2026-04-29,Wednesday,Chicken,lunch,206,182,47.0,damaged,140,127,432
2026-04-29,Wednesday,Rice,breakfast,226,196,118.0,damaged,98,129,412
2026-04-29,Wednesday,Rice,dinner,386,348,118.0,damaged,98,129,968
2026-04-29,Wednesday,Rice,lunch,514,464,118.0,damaged,98,129,1187
2026-04-29,Wednesday,Spinach,breakfast,27,23,15.0,plate_waste,53,129,63
2026-04-29,Wednesday,Spinach,dinner,72,68,15.0,plate_waste,53,129,158
2026-04-29,Wednesday,Spinach,lunch,57,50,15.0,plate_waste,53,129,107
2026-04-29,Wednesday,Vegetables,breakfast,83,78,34.0,overproduction,78,128,237
2026-04-29,Wednesday,Vegetables,dinner,137,130,34.0,overproduction,78,128,279
2026-04-29,Wednesday,Vegetables,lunch,164,142,34.0,overproduction,78,128,318
2026-04-30,Thursday,Bread,breakfast,44,39,37.0,overproduction,63,127,115
2026-04-30,Thursday,Bread,dinner,88,76,37.0,overproduction,63,127,158
2026-04-30,Thursday,Bread,lunch,123,103,37.0,overproduction,63,127,342
2026-04-30,Thursday,Chicken,breakfast,97,84,60.0,damaged,140,126,197
2026-04-30,Thursday,Chicken,dinner,152,132,60.0,damaged,140,126,370
2026-04-30,Thursday,Chicken,lunch,216,189,60.0,damaged,140,126,543
2026-04-30,Thursday,Rice,breakfast,245,210,203.0,overproduction,98,128,621
2026-04-30,Thursday,Rice,dinner,416,349,203.0,overproduction,98,128,764
2026-04-30,Thursday,Rice,lunch,500,399,203.0,overproduction,98,128,950
2026-04-30,Thursday,Spinach,breakfast,26,23,23.0,plate_waste,53,128,58
2026-04-30,Thursday,Spinach,dinner,60,56,23.0,plate_waste,53,128,141
2026-04-30,Thursday,Spinach,lunch,103,87,23.0,plate_waste,53,128,199
2026-04-30,Thursday,Vegetables,breakfast,86,72,50.0,damaged,78,127,208
2026-04-30,Thursday,Vegetables,dinner,150,126,50.0,damaged,78,127,298
2026-04-30,Thursday,Vegetables,lunch,136,124,50.0,damaged,78,127,322
2026-05-01,Friday,Bread,breakfast,46,41,20.0,overproduction,63,126,98
2026-05-01,Friday,Bread,dinner,45,40,20.0,overproduction,63,126,102
2026-05-01,Friday,Bread,lunch,67,57,20.0,overproduction,63,126,129
2026-05-01,Friday,Chicken,breakfast,69,60,41.0,damaged,140,125,158
2026-05-01,Friday,Chicken,dinner,81,76,41.0,damaged,140,125,155
2026-05-01,Friday,Chicken,lunch,170,143,41.0,damaged,140,125,436
2026-05-01,Friday,Rice,breakfast,154,136,75.0,plate_waste,98,127,372
2026-05-01,Friday,Rice,dinner,280,240,75.0,plate_waste,98,127,534
2026-05-01,Friday,Rice,lunch,321,304,75.0,plate_waste,98,127,635
2026-05-01,Friday,Spinach,breakfast,25,24,6.0,damaged,53,127,52
2026-05-01,Friday,Spinach,dinner,36,32,6.0,damaged,53,127,103
2026-05-01,Friday,Spinach,lunch,15,14,6.0,damaged,53,127,39
2026-05-01,Friday,Vegetables,breakfast,43,36,19.0,overproduction,78,126,75
2026-05-01,Friday,Vegetables,dinner,94,88,19.0,overproduction,78,126,271
2026-05-01,Friday,Vegetables,lunch,118,112,19.0,overproduction,78,126,275
2026-05-02,Saturday,Bread,breakfast,34,32,13.0,plate_waste,63,125,71
2026-05-02,Saturday,Bread,dinner,45,41,13.0,plate_waste,63,125,117
2026-05-02,Saturday,Bread,lunch,81,74,13.0,plate_waste,63,125,148
2026-05-02,Saturday,Chicken,breakfast,59,52,33.0,plate_waste,140,124,169
2026-05-02,Saturday,Chicken,dinner,102,87,33.0,plate_waste,140,124,174
2026-05-02,Saturday,Chicken,lunch,156,145,33.0,plate_waste,140,124,298
2026-05-02,Saturday,Rice,breakfast,189,170,99.0,plate_waste,98,126,515
2026-05-02,Saturday,Rice,dinner,288,245,99.0,plate_waste,98,126,737
2026-05-02,Saturday,Rice,lunch,370,333,99.0,plate_waste,98,126,688
2026-05-02,Saturday,Spinach,breakfast,30,27,7.0,damaged,53,126,65
2026-05-02,Saturday,Spinach,dinner,44,40,7.0,damaged,53,126,90
2026-05-02,Saturday,Spinach,lunch,0,0,7.0,damaged,53,126,0
2026-05-02,Saturday,Vegetables,breakfast,51,48,33.0,overproduction,78,125,112
2026-05-02,Saturday,Vegetables,dinner,142,126,33.0,overproduction,78,125,254
2026-05-02,Saturday,Vegetables,lunch,126,112,33.0,overproduction,78,125,225
2026-05-03,Sunday,Bread,breakfast,53,50,16.0,plate_waste,63,124,103
2026-05-03,Sunday,Bread,dinner,90,82,16.0,plate_waste,63,124,234
2026-05-03,Sunday,Bread,lunch,97,92,16.0,plate_waste,63,124,298
2026-05-03,Sunday,Chicken,breakfast,111,99,54.0,overproduction,140,123,203
2026-05-03,Sunday,Chicken,dinner,133,127,54.0,overproduction,140,123,255
2026-05-03,Sunday,Chicken,lunch,226,190,54.0,overproduction,140,123,581
2026-05-03,Sunday,Rice,breakfast,269,234,93.0,overproduction,98,125,509
2026-05-03,Sunday,Rice,dinner,373,338,93.0,overproduction,98,125,895
2026-05-03,Sunday,Rice,lunch,453,430,93.0,overproduction,98,125,879
2026-05-03,Sunday,Spinach,breakfast,40,36,16.0,overproduction,53,125,91
2026-05-03,Sunday,Spinach,dinner,39,33,16.0,overproduction,53,125,86
2026-05-03,Sunday,Spinach,lunch,39,33,16.0,overproduction,53,125,69
2026-05-03,Sunday,Vegetables,breakfast,90,77,52.0,overproduction,78,124,192
2026-05-03,Sunday,Vegetables,dinner,129,115,52.0,overproduction,78,124,318
2026-05-03,Sunday,Vegetables,lunch,213,188,52.0,overproduction,78,124,556
2026-05-04,Monday,Bread,breakfast,50,43,28.0,overproduction,63,123,127
2026-05-04,Monday,Bread,dinner,72,64,28.0,overproduction,63,123,136
2026-05-04,Monday,Bread,lunch,126,113,28.0,overproduction,63,123,371
2026-05-04,Monday,Chicken,breakfast,107,99,47.0,plate_waste,140,122,305
2026-05-04,Monday,Chicken,dinner,181,153,47.0,plate_waste,140,122,379
2026-05-04,Monday,Chicken,lunch,181,170,47.0,plate_waste,140,122,504
2026-05-04,Monday,Rice,breakfast,251,221,115.0,plate_waste,98,124,698
2026-05-04,Monday,Rice,dinner,365,330,115.0,plate_waste,98,124,803
2026-05-04,Monday,Rice,lunch,485,435,115.0,plate_waste,98,124,953
2026-05-04,Monday,Spinach,breakfast,45,43,15.0,overproduction,53,124,97
2026-05-04,Monday,Spinach,dinner,69,59,15.0,overproduction,53,124,156
2026-05-04,Monday,Spinach,lunch,51,48,15.0,overproduction,53,124,140
2026-05-04,Monday,Vegetables,breakfast,87,74,31.0,damaged,78,123,229
2026-05-04,Monday,Vegetables,dinner,114,106,31.0,damaged,78,123,223
2026-05-04,Monday,Vegetables,lunch,172,162,31.0,damaged,78,123,337
2026-05-05,Tuesday,Bread,breakfast,51,45,30.0,spoilage,63,122,127
2026-05-05,Tuesday,Bread,dinner,93,79,30.0,spoilage,63,122,206
2026-05-05,Tuesday,Bread,lunch,101,91,30.0,spoilage,63,122,207
2026-05-05,Tuesday,Chicken,breakfast,109,93,48.0,spoilage,140,121,187
2026-05-05,Tuesday,Chicken,dinner,158,146,48.0,spoilage,140,121,299
2026-05-05,Tuesday,Chicken,lunch,190,170,48.0,spoilage,140,121,361
2026-05-05,Tuesday,Rice,breakfast,222,196,114.0,overproduction,98,123,544
2026-05-05,Tuesday,Rice,dinner,397,352,114.0,overproduction,98,123,773
2026-05-05,Tuesday,Rice,lunch,500,457,114.0,overproduction,98,123,1263
2026-05-05,Tuesday,Spinach,breakfast,20,19,11.0,overproduction,53,123,49
2026-05-05,Tuesday,Spinach,dinner,62,54,11.0,overproduction,53,123,160
2026-05-05,Tuesday,Spinach,lunch,38,36,11.0,overproduction,53,123,78
2026-05-05,Tuesday,Vegetables,breakfast,52,49,43.0,overproduction,78,122,100
2026-05-05,Tuesday,Vegetables,dinner,134,114,43.0,overproduction,78,122,266
2026-05-05,Tuesday,Vegetables,lunch,188,168,43.0,overproduction,78,122,375
2026-05-06,Wednesday,Bread,breakfast,43,39,28.0,spoilage,63,121,94
2026-05-06,Wednesday,Bread,dinner,86,74,28.0,spoilage,63,121,205
2026-05-06,Wednesday,Bread,lunch,97,85,28.0,spoilage,63,121,222
2026-05-06,Wednesday,Chicken,breakfast,102,88,42.0,overproduction,140,120,273
2026-05-06,Wednesday,Chicken,dinner,152,144,42.0,overproduction,140,120,359
2026-05-06,Wednesday,Chicken,lunch,203,183,42.0,overproduction,140,120,566
2026-05-06,Wednesday,Rice,breakfast,282,235,160.0,damaged,98,122,566
2026-05-06,Wednesday,Rice,dinner,463,391,160.0,damaged,98,122,1073
2026-05-06,Wednesday,Rice,lunch,508,467,160.0,damaged,98,122,1082
2026-05-06,Wednesday,Spinach,breakfast,24,21,14.0,overproduction,53,122,59
2026-05-06,Wednesday,Spinach,dinner,62,57,14.0,overproduction,53,122,152
2026-05-06,Wednesday,Spinach,lunch,52,46,14.0,overproduction,53,122,127
2026-05-06,Wednesday,Vegetables,breakfast,94,79,49.0,overproduction,78,121,168
2026-05-06,Wednesday,Vegetables,dinner,165,141,49.0,overproduction,78,121,313
2026-05-06,Wednesday,Vegetables,lunch,157,147,49.0,overproduction,78,121,307
2026-05-07,Thursday,Bread,breakfast,27,39,35.0,overproduction,63,120,115
2026-05-07,Thursday,Bread,dinner,43,73,35.0,overproduction,63,120,148
2026-05-07,Thursday,Bread,lunch,144,109,35.0,overproduction,63,120,271
2026-05-07,Thursday,Chicken,breakfast,144,83,61.0,spoilage,140,119,170
2026-05-07,Thursday,Chicken,dinner,86,137,61.0,spoilage,140,119,293
2026-05-07,Thursday,Chicken,lunch,108,194,61.0,spoilage,140,119,460
2026-05-07,Thursday,Rice,breakfast,129,184,51.0,overproduction,98,121,448
2026-05-07,Thursday,Rice,dinner,206,326,51.0,overproduction,98,121,721
2026-05-07,Thursday,Rice,lunch,500,449,51.0,overproduction,98,121,1024
2026-05-07,Thursday,Spinach,breakfast,48,20,66.0,damaged,53,121,60
2026-05-07,Thursday,Spinach,dinner,29,65,66.0,damaged,53,121,160
2026-05-07,Thursday,Spinach,lunch,96,58,66.0,damaged,53,121,132
2026-05-07,Thursday,Vegetables,breakfast,45,81,63.0,overproduction,78,120,236
2026-05-07,Thursday,Vegetables,dinner,72,99,63.0,overproduction,78,120,288
2026-05-07,Thursday,Vegetables,lunch,240,177,63.0,overproduction,78,120,452
2026-05-08,Friday,Bread,breakfast,24,21,21.0,damaged,63,119,52
2026-05-08,Friday,Bread,dinner,46,41,21.0,damaged,63,119,87
2026-05-08,Friday,Bread,lunch,95,82,21.0,damaged,63,119,207
2026-05-08,Friday,Chicken,breakfast,70,63,35.0,overproduction,140,118,172
2026-05-08,Friday,Chicken,dinner,133,112,35.0,overproduction,140,118,299
2026-05-08,Friday,Chicken,lunch,136,129,35.0,overproduction,140,118,329
2026-05-08,Friday,Rice,breakfast,206,174,102.0,overproduction,98,120,461
2026-05-08,Friday,Rice,dinner,321,270,102.0,overproduction,98,120,647
2026-05-08,Friday,Rice,lunch,345,326,102.0,overproduction,98,120,745
2026-05-08,Friday,Spinach,breakfast,44,37,16.0,overproduction,53,120,92
2026-05-08,Friday,Spinach,dinner,38,36,16.0,overproduction,53,120,86
2026-05-08,Friday,Spinach,lunch,43,36,16.0,overproduction,53,120,93
2026-05-08,Friday,Vegetables,breakfast,45,39,28.0,plate_waste,78,119,82
2026-05-08,Friday,Vegetables,dinner,95,80,28.0,plate_waste,78,119,215
2026-05-08,Friday,Vegetables,lunch,96,89,28.0,plate_waste,78,119,179
2026-05-09,Saturday,Bread,breakfast,32,27,24.0,overproduction,63,118,73
2026-05-09,Saturday,Bread,dinner,58,50,24.0,overproduction,63,118,141
2026-05-09,Saturday,Bread,lunch,65,54,24.0,overproduction,63,118,136
2026-05-09,Saturday,Chicken,breakfast,65,58,50.0,overproduction,140,117,126
2026-05-09,Saturday,Chicken,dinner,126,107,50.0,overproduction,140,117,229
2026-05-09,Saturday,Chicken,lunch,145,121,50.0,overproduction,140,117,371
2026-05-09,Saturday,Rice,breakfast,164,150,53.0,overproduction,98,119,478
2026-05-09,Saturday,Rice,dinner,219,205,53.0,overproduction,98,119,590
2026-05-09,Saturday,Rice,lunch,358,333,53.0,overproduction,98,119,891
2026-05-09,Saturday,Spinach,breakfast,52,49,10.0,overproduction,53,119,120
2026-05-09,Saturday,Spinach,dinner,61,55,10.0,overproduction,53,119,125
2026-05-09,Saturday,Spinach,lunch,19,18,10.0,overproduction,53,119,59
2026-05-09,Saturday,Vegetables,breakfast,56,50,31.0,damaged,78,118,156
2026-05-09,Saturday,Vegetables,dinner,104,94,31.0,damaged,78,118,301
2026-05-09,Saturday,Vegetables,lunch,145,130,31.0,damaged,78,118,370
2026-05-10,Sunday,Bread,breakfast,46,43,23.0,overproduction,63,117,86
2026-05-10,Sunday,Bread,dinner,72,66,23.0,overproduction,63,117,170
2026-05-10,Sunday,Bread,lunch,117,103,23.0,overproduction,63,117,322
2026-05-10,Sunday,Chicken,breakfast,84,78,44.0,plate_waste,140,116,203
2026-05-10,Sunday,Chicken,dinner,152,136,44.0,plate_waste,140,116,386
2026-05-10,Sunday,Chicken,lunch,210,188,44.0,plate_waste,140,116,621
2026-05-10,Sunday,Rice,breakfast,239,218,90.0,overproduction,98,118,444
2026-05-10,Sunday,Rice,dinner,362,319,90.0,overproduction,98,118,1003
2026-05-10,Sunday,Rice,lunch,457,431,90.0,overproduction,98,118,1365
2026-05-10,Sunday,Spinach,breakfast,30,26,22.0,overproduction,53,118,55
2026-05-10,Sunday,Spinach,dinner,72,63,22.0,overproduction,53,118,140
2026-05-10,Sunday,Spinach,lunch,76,67,22.0,overproduction,53,118,174
2026-05-10,Sunday,Vegetables,breakfast,80,71,42.0,overproduction,78,117,143
2026-05-10,Sunday,Vegetables,dinner,160,152,42.0,overproduction,78,117,385
2026-05-10,Sunday,Vegetables,lunch,171,146,42.0,overproduction,78,117,366
2026-05-11,Monday,Bread,breakfast,52,44,26.0,damaged,63,116,123
2026-05-11,Monday,Bread,dinner,84,76,26.0,damaged,63,116,200
2026-05-11,Monday,Bread,lunch,93,83,26.0,damaged,63,116,180
2026-05-11,Monday,Chicken,breakfast,108,95,57.0,overproduction,140,115,202
2026-05-11,Monday,Chicken,dinner,157,139,57.0,overproduction,140,115,457
2026-05-11,Monday,Chicken,lunch,208,182,57.0,overproduction,140,115,404
2026-05-11,Monday,Rice,breakfast,235,209,108.0,overproduction,98,117,460
2026-05-11,Monday,Rice,dinner,374,350,108.0,overproduction,98,117,1135
2026-05-11,Monday,Rice,lunch,474,416,108.0,overproduction,98,117,953
2026-05-11,Monday,Spinach,breakfast,37,33,29.0,overproduction,53,117,81
2026-05-11,Monday,Spinach,dinner,58,52,29.0,overproduction,53,117,150
2026-05-11,Monday,Spinach,lunch,115,96,29.0,overproduction,53,117,205
2026-05-11,Monday,Vegetables,breakfast,94,81,61.0,overproduction,78,116,167
2026-05-11,Monday,Vegetables,dinner,168,140,61.0,overproduction,78,116,440
2026-05-11,Monday,Vegetables,lunch,161,141,61.0,overproduction,78,116,321
2026-05-12,Tuesday,Bread,breakfast,55,52,28.0,overproduction,63,115,160
2026-05-12,Tuesday,Bread,dinner,55,46,28.0,overproduction,63,115,106
2026-05-12,Tuesday,Bread,lunch,102,86,28.0,overproduction,63,115,178
2026-05-12,Tuesday,Chicken,breakfast,99,88,41.0,overproduction,140,114,199
2026-05-12,Tuesday,Chicken,dinner,151,137,41.0,overproduction,140,114,338
2026-05-12,Tuesday,Chicken,lunch,185,169,41.0,overproduction,140,114,369
2026-05-12,Tuesday,Rice,breakfast,235,215,139.0,overproduction,98,116,453
2026-05-12,Tuesday,Rice,dinner,355,304,139.0,overproduction,98,116,830
2026-05-12,Tuesday,Rice,lunch,488,420,139.0,overproduction,98,116,857
2026-05-12,Tuesday,Spinach,breakfast,24,22,12.0,overproduction,53,116,60
2026-05-12,Tuesday,Spinach,dinner,55,51,12.0,overproduction,53,116,118
2026-05-12,Tuesday,Spinach,lunch,44,38,12.0,overproduction,53,116,77
2026-05-12,Tuesday,Vegetables,breakfast,79,68,50.0,overproduction,78,115,191
2026-05-12,Tuesday,Vegetables,dinner,150,132,50.0,overproduction,78,115,324
2026-05-12,Tuesday,Vegetables,lunch,146,125,50.0,overproduction,78,115,257
2026-05-13,Wednesday,Bread,breakfast,51,46,18.0,plate_waste,63,114,95
2026-05-13,Wednesday,Bread,dinner,79,72,18.0,plate_waste,63,114,216
2026-05-13,Wednesday,Bread,lunch,96,90,18.0,plate_waste,63,114,189
2026-05-13,Wednesday,Chicken,breakfast,110,93,63.0,overproduction,140,113,188
2026-05-13,Wednesday,Chicken,dinner,169,144,63.0,overproduction,140,113,298
2026-05-13,Wednesday,Chicken,lunch,205,184,63.0,overproduction,140,113,388
2026-05-13,Wednesday,Rice,breakfast,218,203,101.0,spoilage,98,115,523
2026-05-13,Wednesday,Rice,dinner,400,345,101.0,spoilage,98,115,1028
2026-05-13,Wednesday,Rice,lunch,494,463,101.0,spoilage,98,115,1384
2026-05-13,Wednesday,Spinach,breakfast,17,15,12.0,overproduction,53,115,38
2026-05-13,Wednesday,Spinach,dinner,36,34,12.0,overproduction,53,115,69
2026-05-13,Wednesday,Spinach,lunch,69,61,12.0,overproduction,53,115,131
2026-05-13,Wednesday,Vegetables,breakfast,87,80,42.0,overproduction,78,114,211
2026-05-13,Wednesday,Vegetables,dinner,131,117,42.0,overproduction,78,114,266
2026-05-13,Wednesday,Vegetables,lunch,187,166,42.0,overproduction,78,114,345
2026-05-14,Thursday,Bread,breakfast,57,48,30.0,overproduction,63,113,133
2026-05-14,Thursday,Bread,dinner,78,72,30.0,overproduction,63,113,163
2026-05-14,Thursday,Bread,lunch,115,100,30.0,overproduction,63,113,299
2026-05-14,Thursday,Chicken,breakfast,99,87,39.0,plate_waste,140,112,184
2026-05-14,Thursday,Chicken,dinner,140,127,39.0,plate_waste,140,112,339
2026-05-14,Thursday,Chicken,lunch,190,176,39.0,plate_waste,140,112,407
2026-05-14,Thursday,Rice,breakfast,225,212,116.0,overproduction,98,114,690
2026-05-14,Thursday,Rice,dinner,332,310,116.0,overproduction,98,114,947
2026-05-14,Thursday,Rice,lunch,500,419,116.0,overproduction,98,114,1169
2026-05-14,Thursday,Spinach,breakfast,41,38,15.0,overproduction,53,114,79
2026-05-14,Thursday,Spinach,dinner,61,54,15.0,overproduction,53,114,133
2026-05-14,Thursday,Spinach,lunch,59,54,15.0,overproduction,53,114,111
2026-05-14,Thursday,Vegetables,breakfast,81,76,34.0,overproduction,78,113,162
2026-05-14,Thursday,Vegetables,dinner,154,136,34.0,overproduction,78,113,310
2026-05-14,Thursday,Vegetables,lunch,158,147,34.0,overproduction,78,113,353
2026-05-15,Friday,Bread,breakfast,42,38,12.0,overproduction,63,112,90
2026-05-15,Friday,Bread,dinner,43,38,12.0,overproduction,63,112,116
2026-05-15,Friday,Bread,lunch,51,48,12.0,overproduction,63,112,126
2026-05-15,Friday,Chicken,breakfast,82,68,51.0,overproduction,140,111,160
2026-05-15,Friday,Chicken,dinner,115,102,51.0,overproduction,140,111,315
2026-05-15,Friday,Chicken,lunch,154,130,51.0,overproduction,140,111,263
2026-05-15,Friday,Rice,breakfast,165,154,56.0,overproduction,98,113,324
2026-05-15,Friday,Rice,dinner,236,221,56.0,overproduction,98,113,598
2026-05-15,Friday,Rice,lunch,360,330,56.0,overproduction,98,113,1027
2026-05-15,Friday,Spinach,breakfast,25,23,15.0,overproduction,53,113,46
2026-05-15,Friday,Spinach,dinner,37,31,15.0,overproduction,53,113,69
2026-05-15,Friday,Spinach,lunch,55,48,15.0,overproduction,53,113,128
2026-05-15,Friday,Vegetables,breakfast,66,56,38.0,plate_waste,78,112,128
2026-05-15,Friday,Vegetables,dinner,98,85,38.0,plate_waste,78,112,181
2026-05-15,Friday,Vegetables,lunch,98,83,38.0,plate_waste,78,112,203
2026-05-16,Saturday,Bread,breakfast,46,40,30.0,damaged,63,111,83
2026-05-16,Saturday,Bread,dinner,75,65,30.0,damaged,63,111,132
2026-05-16,Saturday,Bread,lunch,84,70,30.0,damaged,63,111,211
2026-05-16,Saturday,Chicken,breakfast,69,61,34.0,overproduction,140,110,171
2026-05-16,Saturday,Chicken,dinner,96,89,34.0,overproduction,140,110,238
2026-05-16,Saturday,Chicken,lunch,177,158,34.0,overproduction,140,110,480
2026-05-16,Saturday,Rice,breakfast,177,163,49.0,damaged,98,112,536
2026-05-16,Saturday,Rice,dinner,284,264,49.0,damaged,98,112,735
2026-05-16,Saturday,Rice,lunch,302,287,49.0,damaged,98,112,727
2026-05-16,Saturday,Spinach,breakfast,31,29,15.0,overproduction,53,112,63
2026-05-16,Saturday,Spinach,dinner,37,33,15.0,overproduction,53,112,106
2026-05-16,Saturday,Spinach,lunch,59,50,15.0,overproduction,53,112,140
2026-05-16,Saturday,Vegetables,breakfast,59,49,39.0,plate_waste,78,111,109
2026-05-16,Saturday,Vegetables,dinner,95,81,39.0,plate_waste,78,111,259
2026-05-16,Saturday,Vegetables,lunch,129,114,39.0,plate_waste,78,111,348
2026-05-17,Sunday,Bread,breakfast,51,46,20.0,plate_waste,63,110,109
2026-05-17,Sunday,Bread,dinner,85,77,20.0,plate_waste,63,110,233
2026-05-17,Sunday,Bread,lunch,111,104,20.0,plate_waste,63,110,260
2026-05-17,Sunday,Chicken,breakfast,100,89,49.0,damaged,140,109,206
2026-05-17,Sunday,Chicken,dinner,161,139,49.0,damaged,140,109,340
2026-05-17,Sunday,Chicken,lunch,188,172,49.0,damaged,140,109,358
2026-05-17,Sunday,Rice,breakfast,257,230,108.0,spoilage,98,111,464
2026-05-17,Sunday,Rice,dinner,375,345,108.0,spoilage,98,111,994
2026-05-17,Sunday,Rice,lunch,507,456,108.0,spoilage,98,111,1010
2026-05-17,Sunday,Spinach,breakfast,32,30,19.0,damaged,53,111,80
2026-05-17,Sunday,Spinach,dinner,47,39,19.0,damaged,53,111,81
2026-05-17,Sunday,Spinach,lunch,83,74,19.0,damaged,53,111,172
2026-05-17,Sunday,Vegetables,breakfast,86,75,34.0,overproduction,78,110,152
2026-05-17,Sunday,Vegetables,dinner,128,121,34.0,overproduction,78,110,321
2026-05-17,Sunday,Vegetables,lunch,166,150,34.0,overproduction,78,110,331
2026-05-18,Monday,Bread,breakfast,54,48,21.0,damaged,63,109,105
2026-05-18,Monday,Bread,dinner,83,75,21.0,damaged,63,109,214
2026-05-18,Monday,Bread,lunch,94,87,21.0,damaged,63,109,267
2026-05-18,Monday,Chicken,breakfast,102,86,58.0,overproduction,140,108,189
2026-05-18,Monday,Chicken,dinner,146,138,58.0,overproduction,140,108,284
2026-05-18,Monday,Chicken,lunch,211,177,58.0,overproduction,140,108,520
2026-05-18,Monday,Rice,breakfast,232,213,80.0,damaged,98,110,647
2026-05-18,Monday,Rice,dinner,381,342,80.0,damaged,98,110,697
2026-05-18,Monday,Rice,lunch,420,398,80.0,damaged,98,110,996
2026-05-18,Monday,Spinach,breakfast,27,23,11.0,overproduction,53,110,77
2026-05-18,Monday,Spinach,dinner,20,17,11.0,overproduction,53,110,40
2026-05-18,Monday,Spinach,lunch,66,62,11.0,overproduction,53,110,205
2026-05-18,Monday,Vegetables,breakfast,98,87,49.0,overproduction,78,109,236
2026-05-18,Monday,Vegetables,dinner,120,110,49.0,overproduction,78,109,344
2026-05-18,Monday,Vegetables,lunch,188,160,49.0,overproduction,78,109,511
2026-05-19,Tuesday,Bread,breakfast,50,42,27.0,plate_waste,63,108,115
2026-05-19,Tuesday,Bread,dinner,69,65,27.0,plate_waste,63,108,211
2026-05-19,Tuesday,Bread,lunch,103,88,27.0,plate_waste,63,108,286
2026-05-19,Tuesday,Chicken,breakfast,102,89,40.0,overproduction,140,107,232
2026-05-19,Tuesday,Chicken,dinner,170,156,40.0,overproduction,140,107,439
2026-05-19,Tuesday,Chicken,lunch,194,181,40.0,overproduction,140,107,593
2026-05-19,Tuesday,Rice,breakfast,269,234,126.0,plate_waste,98,109,514
2026-05-19,Tuesday,Rice,dinner,357,331,126.0,plate_waste,98,109,904
2026-05-19,Tuesday,Rice,lunch,460,395,126.0,plate_waste,98,109,1134
2026-05-19,Tuesday,Spinach,breakfast,19,16,12.0,spoilage,53,109,50
2026-05-19,Tuesday,Spinach,dinner,53,50,12.0,spoilage,53,109,108
2026-05-19,Tuesday,Spinach,lunch,65,59,12.0,spoilage,53,109,152
2026-05-19,Tuesday,Vegetables,breakfast,71,65,31.0,overproduction,78,108,161
2026-05-19,Tuesday,Vegetables,dinner,135,124,31.0,overproduction,78,108,345
2026-05-19,Tuesday,Vegetables,lunch,169,155,31.0,overproduction,78,108,317
2026-05-20,Wednesday,Bread,breakfast,53,45,22.0,overproduction,63,107,117
2026-05-20,Wednesday,Bread,dinner,73,64,22.0,overproduction,63,107,190
2026-05-20,Wednesday,Bread,lunch,80,75,22.0,overproduction,63,107,185
2026-05-20,Wednesday,Chicken,breakfast,107,91,53.0,overproduction,140,106,250
2026-05-20,Wednesday,Chicken,dinner,160,145,53.0,overproduction,140,106,378
2026-05-20,Wednesday,Chicken,lunch,198,176,53.0,overproduction,140,106,520
2026-05-20,Wednesday,Rice,breakfast,246,223,120.0,overproduction,98,108,517
2026-05-20,Wednesday,Rice,dinner,441,369,120.0,overproduction,98,108,914
2026-05-20,Wednesday,Rice,lunch,490,465,120.0,overproduction,98,108,1375
2026-05-20,Wednesday,Spinach,breakfast,45,41,12.0,overproduction,53,108,118
2026-05-20,Wednesday,Spinach,dinner,36,31,12.0,overproduction,53,108,65
2026-05-20,Wednesday,Spinach,lunch,52,49,12.0,overproduction,53,108,121
2026-05-20,Wednesday,Vegetables,breakfast,78,73,45.0,overproduction,78,107,154
2026-05-20,Wednesday,Vegetables,dinner,177,151,45.0,overproduction,78,107,340
2026-05-20,Wednesday,Vegetables,lunch,149,135,45.0,overproduction,78,107,374
2026-05-21,Thursday,Bread,breakfast,48,44,21.0,damaged,63,106,126
2026-05-21,Thursday,Bread,dinner,89,78,21.0,damaged,63,106,161
2026-05-21,Thursday,Bread,lunch,102,96,21.0,damaged,63,106,307
2026-05-21,Thursday,Chicken,breakfast,97,84,54.0,overproduction,140,105,173
2026-05-21,Thursday,Chicken,dinner,174,147,54.0,overproduction,140,105,393
2026-05-21,Thursday,Chicken,lunch,184,170,54.0,overproduction,140,105,471
2026-05-21,Thursday,Rice,breakfast,232,200,121.0,overproduction,98,107,539
2026-05-21,Thursday,Rice,dinner,351,330,121.0,overproduction,98,107,757
2026-05-21,Thursday,Rice,lunch,500,432,121.0,overproduction,98,107,1313
2026-05-21,Thursday,Spinach,breakfast,50,44,26.0,overproduction,53,107,122
2026-05-21,Thursday,Spinach,dinner,65,57,26.0,overproduction,53,107,116
2026-05-21,Thursday,Spinach,lunch,77,65,26.0,overproduction,53,107,174
2026-05-21,Thursday,Vegetables,breakfast,88,76,60.0,overproduction,78,106,240
2026-05-21,Thursday,Vegetables,dinner,146,124,60.0,overproduction,78,106,297
2026-05-21,Thursday,Vegetables,lunch,170,144,60.0,overproduction,78,106,290
2026-05-22,Friday,Bread,breakfast,39,33,22.0,overproduction,63,105,66
2026-05-22,Friday,Bread,dinner,61,52,22.0,overproduction,63,105,131
2026-05-22,Friday,Bread,lunch,71,64,22.0,overproduction,63,105,162
2026-05-22,Friday,Chicken,breakfast,77,68,45.0,plate_waste,140,104,170
2026-05-22,Friday,Chicken,dinner,163,139,45.0,plate_waste,140,104,334
2026-05-22,Friday,Chicken,lunch,151,139,45.0,plate_waste,140,104,297
2026-05-22,Friday,Rice,breakfast,160,145,93.0,overproduction,98,106,442
2026-05-22,Friday,Rice,dinner,277,234,93.0,overproduction,98,106,730
2026-05-22,Friday,Rice,lunch,326,291,93.0,overproduction,98,106,936
2026-05-22,Friday,Spinach,breakfast,17,16,3.0,overproduction,53,106,33
2026-05-22,Friday,Spinach,dinner,24,22,3.0,overproduction,53,106,70
2026-05-22,Friday,Spinach,lunch,4,4,3.0,overproduction,53,106,9
2026-05-22,Friday,Vegetables,breakfast,47,43,11.0,overproduction,78,105,142
2026-05-22,Friday,Vegetables,dinner,47,45,11.0,overproduction,78,105,142
2026-05-22,Friday,Vegetables,lunch,99,94,11.0,overproduction,78,105,211
2026-05-23,Saturday,Bread,breakfast,41,35,14.0,overproduction,63,104,80
2026-05-23,Saturday,Bread,dinner,64,59,14.0,overproduction,63,104,129
2026-05-23,Saturday,Bread,lunch,57,54,14.0,overproduction,63,104,123
2026-05-23,Saturday,Chicken,breakfast,77,68,32.0,plate_waste,140,103,191
2026-05-23,Saturday,Chicken,dinner,112,104,32.0,plate_waste,140,103,327
2026-05-23,Saturday,Chicken,lunch,132,117,32.0,plate_waste,140,103,367
2026-05-23,Saturday,Rice,breakfast,201,171,69.0,overproduction,98,105,402
2026-05-23,Saturday,Rice,dinner,268,245,69.0,overproduction,98,105,663
2026-05-23,Saturday,Rice,lunch,325,309,69.0,overproduction,98,105,646
2026-05-23,Saturday,Spinach,breakfast,18,17,13.0,spoilage,53,105,46
2026-05-23,Saturday,Spinach,dinner,14,12,13.0,spoilage,53,105,34
2026-05-23,Saturday,Spinach,lunch,75,65,13.0,spoilage,53,105,143
2026-05-23,Saturday,Vegetables,breakfast,52,49,21.0,spoilage,78,104,161
2026-05-23,Saturday,Vegetables,dinner,85,80,21.0,spoilage,78,104,175
2026-05-23,Saturday,Vegetables,lunch,131,118,21.0,spoilage,78,104,295
2026-05-24,Sunday,Bread,breakfast,50,42,29.0,overproduction,63,103,99
2026-05-24,Sunday,Bread,dinner,82,78,29.0,overproduction,63,103,226
2026-05-24,Sunday,Bread,lunch,123,106,29.0,overproduction,63,103,227
2026-05-24,Sunday,Chicken,breakfast,103,87,77.0,damaged,140,102,180
2026-05-24,Sunday,Chicken,dinner,181,157,77.0,damaged,140,102,462
2026-05-24,Sunday,Chicken,lunch,241,204,77.0,damaged,140,102,423
2026-05-24,Sunday,Rice,breakfast,231,197,136.0,overproduction,98,104,399
2026-05-24,Sunday,Rice,dinner,390,336,136.0,overproduction,98,104,873
2026-05-24,Sunday,Rice,lunch,489,441,136.0,overproduction,98,104,1228
2026-05-24,Sunday,Spinach,breakfast,13,12,15.0,overproduction,53,104,36
2026-05-24,Sunday,Spinach,dinner,74,69,15.0,overproduction,53,104,163
2026-05-24,Sunday,Spinach,lunch,91,82,15.0,overproduction,53,104,220
2026-05-24,Sunday,Vegetables,breakfast,102,89,34.0,overproduction,78,103,195
2026-05-24,Sunday,Vegetables,dinner,129,118,34.0,overproduction,78,103,330
2026-05-24,Sunday,Vegetables,lunch,173,163,34.0,overproduction,78,103,531
2026-05-25,Monday,Bread,breakfast,45,40,21.0,spoilage,63,102,91
2026-05-25,Monday,Bread,dinner,95,86,21.0,spoilage,63,102,185
2026-05-25,Monday,Bread,lunch,91,84,21.0,spoilage,63,102,204
2026-05-25,Monday,Chicken,breakfast,102,90,48.0,spoilage,140,101,270
2026-05-25,Monday,Chicken,dinner,188,161,48.0,spoilage,140,101,336
2026-05-25,Monday,Chicken,lunch,185,176,48.0,spoilage,140,101,374
2026-05-25,Monday,Rice,breakfast,212,190,153.0,damaged,98,103,426
2026-05-25,Monday,Rice,dinner,415,351,153.0,damaged,98,103,964
2026-05-25,Monday,Rice,lunch,451,384,153.0,damaged,98,103,890
2026-05-25,Monday,Spinach,breakfast,21,18,14.0,overproduction,53,103,38
2026-05-25,Monday,Spinach,dinner,37,33,14.0,overproduction,53,103,105
2026-05-25,Monday,Spinach,lunch,66,59,14.0,overproduction,53,103,144
2026-05-25,Monday,Vegetables,breakfast,76,67,46.0,spoilage,78,102,184
2026-05-25,Monday,Vegetables,dinner,149,136,46.0,spoilage,78,102,287
2026-05-25,Monday,Vegetables,lunch,175,151,46.0,spoilage,78,102,334
2026-05-26,Tuesday,Bread,breakfast,44,40,21.0,plate_waste,63,101,83
2026-05-26,Tuesday,Bread,dinner,85,76,21.0,plate_waste,63,101,191
2026-05-26,Tuesday,Bread,lunch,83,75,21.0,plate_waste,63,101,183
2026-05-26,Tuesday,Chicken,breakfast,97,85,57.0,overproduction,140,100,179
2026-05-26,Tuesday,Chicken,dinner,196,165,57.0,overproduction,140,100,462
2026-05-26,Tuesday,Chicken,lunch,222,208,57.0,overproduction,140,100,419
2026-05-26,Tuesday,Rice,breakfast,261,222,176.0,overproduction,98,102,556
2026-05-26,Tuesday,Rice,dinner,415,354,176.0,overproduction,98,102,752
2026-05-26,Tuesday,Rice,lunch,519,443,176.0,overproduction,98,102,921
2026-05-26,Tuesday,Spinach,breakfast,43,40,19.0,spoilage,53,102,125
2026-05-26,Tuesday,Spinach,dinner,58,50,19.0,spoilage,53,102,111
2026-05-26,Tuesday,Spinach,lunch,85,77,19.0,spoilage,53,102,193
2026-05-26,Tuesday,Vegetables,breakfast,81,70,43.0,overproduction,78,101,145
2026-05-26,Tuesday,Vegetables,dinner,120,108,43.0,overproduction,78,101,324
2026-05-26,Tuesday,Vegetables,lunch,210,190,43.0,overproduction,78,101,617
2026-05-27,Wednesday,Bread,breakfast,46,42,20.0,overproduction,63,100,112
2026-05-27,Wednesday,Bread,dinner,71,62,20.0,overproduction,63,100,199
2026-05-27,Wednesday,Bread,lunch,87,80,20.0,overproduction,63,100,248
2026-05-27,Wednesday,Chicken,breakfast,113,95,69.0,damaged,140,99,241
2026-05-27,Wednesday,Chicken,dinner,147,130,69.0,damaged,140,99,301
2026-05-27,Wednesday,Chicken,lunch,233,199,69.0,damaged,140,99,411
2026-05-27,Wednesday,Rice,breakfast,220,188,133.0,spoilage,98,101,426
2026-05-27,Wednesday,Rice,dinner,386,361,133.0,spoilage,98,101,799
2026-05-27,Wednesday,Rice,lunch,508,432,133.0,spoilage,98,101,1071
2026-05-27,Wednesday,Spinach,breakfast,10,9,10.0,overproduction,53,101,25
2026-05-27,Wednesday,Spinach,dinner,42,39,10.0,overproduction,53,101,84
2026-05-27,Wednesday,Spinach,lunch,81,75,10.0,overproduction,53,101,174
2026-05-27,Wednesday,Vegetables,breakfast,80,70,32.0,plate_waste,78,100,174
2026-05-27,Wednesday,Vegetables,dinner,164,153,32.0,plate_waste,78,100,337
2026-05-27,Wednesday,Vegetables,lunch,160,149,32.0,plate_waste,78,100,351
2026-05-28,Thursday,Bread,breakfast,59,49,33.0,plate_waste,63,99,113
2026-05-28,Thursday,Bread,dinner,92,82,33.0,plate_waste,63,99,218
2026-05-28,Thursday,Bread,lunch,107,94,33.0,plate_waste,63,99,230
2026-05-28,Thursday,Chicken,breakfast,97,91,58.0,overproduction,140,98,186
2026-05-28,Thursday,Chicken,dinner,164,141,58.0,overproduction,140,98,295
2026-05-28,Thursday,Chicken,lunch,215,186,58.0,overproduction,140,98,577
2026-05-28,Thursday,Rice,breakfast,236,222,123.0,overproduction,98,100,724
2026-05-28,Thursday,Rice,dinner,352,307,123.0,overproduction,98,100,649
2026-05-28,Thursday,Rice,lunch,500,436,123.0,overproduction,98,100,997
2026-05-28,Thursday,Spinach,breakfast,45,41,25.0,overproduction,53,100,90
2026-05-28,Thursday,Spinach,dinner,68,58,25.0,overproduction,53,100,164
2026-05-28,Thursday,Spinach,lunch,81,70,25.0,overproduction,53,100,154
2026-05-28,Thursday,Vegetables,breakfast,79,68,35.0,plate_waste,78,99,192
2026-05-28,Thursday,Vegetables,dinner,136,124,35.0,plate_waste,78,99,323
2026-05-28,Thursday,Vegetables,lunch,140,128,35.0,plate_waste,78,99,339
2026-05-29,Friday,Bread,breakfast,34,31,14.0,overproduction,63,98,95
2026-05-29,Friday,Bread,dinner,52,48,14.0,overproduction,63,98,134
2026-05-29,Friday,Bread,lunch,71,64,14.0,overproduction,63,98,186
2026-05-29,Friday,Chicken,breakfast,64,59,46.0,overproduction,140,97,140
2026-05-29,Friday,Chicken,dinner,122,107,46.0,overproduction,140,97,344
2026-05-29,Friday,Chicken,lunch,161,135,46.0,overproduction,140,97,427
2026-05-29,Friday,Rice,breakfast,194,168,84.0,overproduction,98,99,342
2026-05-29,Friday,Rice,dinner,254,215,84.0,overproduction,98,99,552
2026-05-29,Friday,Rice,lunch,340,321,84.0,overproduction,98,99,848
2026-05-29,Friday,Spinach,breakfast,21,19,9.0,overproduction,53,99,38
2026-05-29,Friday,Spinach,dinner,0,0,9.0,overproduction,53,99,0
2026-05-29,Friday,Spinach,lunch,45,38,9.0,overproduction,53,99,77
2026-05-29,Friday,Vegetables,breakfast,45,41,37.0,overproduction,78,98,86
2026-05-29,Friday,Vegetables,dinner,105,94,37.0,overproduction,78,98,199
2026-05-29,Friday,Vegetables,lunch,135,113,37.0,overproduction,78,98,330
2026-05-30,Saturday,Bread,breakfast,36,31,24.0,damaged,63,97,94
2026-05-30,Saturday,Bread,dinner,74,68,24.0,damaged,63,97,168
2026-05-30,Saturday,Bread,lunch,93,80,24.0,damaged,63,97,184
2026-05-30,Saturday,Chicken,breakfast,67,63,36.0,overproduction,140,96,139
2026-05-30,Saturday,Chicken,dinner,118,101,36.0,overproduction,140,96,290
2026-05-30,Saturday,Chicken,lunch,142,127,36.0,overproduction,140,96,413
2026-05-30,Saturday,Rice,breakfast,176,150,105.0,overproduction,98,98,411
2026-05-30,Saturday,Rice,dinner,291,260,105.0,overproduction,98,98,529
2026-05-30,Saturday,Rice,lunch,351,303,105.0,overproduction,98,98,984
2026-05-30,Saturday,Spinach,breakfast,11,10,8.0,overproduction,53,98,29
2026-05-30,Saturday,Spinach,dinner,46,44,8.0,overproduction,53,98,93
2026-05-30,Saturday,Spinach,lunch,60,55,8.0,overproduction,53,98,175
2026-05-30,Saturday,Vegetables,breakfast,45,40,32.0,plate_waste,78,97,104
2026-05-30,Saturday,Vegetables,dinner,107,90,32.0,plate_waste,78,97,198
2026-05-30,Saturday,Vegetables,lunch,119,109,32.0,plate_waste,78,97,322
2026-05-31,Sunday,Bread,breakfast,53,45,34.0,overproduction,63,96,139
2026-05-31,Sunday,Bread,dinner,97,83,34.0,overproduction,63,96,175
2026-05-31,Sunday,Bread,lunch,91,79,34.0,overproduction,63,96,232
2026-05-31,Sunday,Chicken,breakfast,99,87,36.0,damaged,140,95,276
2026-05-31,Sunday,Chicken,dinner,138,130,36.0,damaged,140,95,383
2026-05-31,Sunday,Chicken,lunch,171,155,36.0,damaged,140,95,359
2026-05-31,Sunday,Rice,breakfast,223,209,113.0,overproduction,98,97,430
2026-05-31,Sunday,Rice,dinner,390,339,113.0,overproduction,98,97,1124
2026-05-31,Sunday,Rice,lunch,476,428,113.0,overproduction,98,97,972
2026-05-31,Sunday,Spinach,breakfast,26,23,9.0,overproduction,53,97,54
2026-05-31,Sunday,Spinach,dinner,18,15,9.0,overproduction,53,97,41
2026-05-31,Sunday,Spinach,lunch,55,52,9.0,overproduction,53,97,146
2026-05-31,Sunday,Vegetables,breakfast,72,68,24.0,damaged,78,96,136
2026-05-31,Sunday,Vegetables,dinner,127,120,24.0,damaged,78,96,278
2026-05-31,Sunday,Vegetables,lunch,142,129,24.0,damaged,78,96,405
2026-06-01,Monday,Bread,breakfast,47,44,27.0,overproduction,63,95,92
2026-06-01,Monday,Bread,dinner,68,61,27.0,overproduction,63,95,143
2026-06-01,Monday,Bread,lunch,114,97,27.0,overproduction,63,95,318
2026-06-01,Monday,Chicken,breakfast,106,99,56.0,damaged,140,94,247
2026-06-01,Monday,Chicken,dinner,146,135,56.0,damaged,140,94,271
2026-06-01,Monday,Chicken,lunch,233,195,56.0,damaged,140,94,601
2026-06-01,Monday,Rice,breakfast,233,205,143.0,spoilage,98,96,591
2026-06-01,Monday,Rice,dinner,387,326,143.0,spoilage,98,96,907
2026-06-01,Monday,Rice,lunch,471,417,143.0,spoilage,98,96,921
2026-06-01,Monday,Spinach,breakfast,23,21,14.0,overproduction,53,96,46
2026-06-01,Monday,Spinach,dinner,41,36,14.0,overproduction,53,96,77
2026-06-01,Monday,Spinach,lunch,85,78,14.0,overproduction,53,96,179
2026-06-01,Monday,Vegetables,breakfast,57,53,40.0,plate_waste,78,95,143
2026-06-01,Monday,Vegetables,dinner,139,120,40.0,plate_waste,78,95,277
2026-06-01,Monday,Vegetables,lunch,162,145,40.0,plate_waste,78,95,358
2026-06-02,Tuesday,Bread,breakfast,62,53,26.0,overproduction,63,94,109
2026-06-02,Tuesday,Bread,dinner,106,101,26.0,overproduction,63,94,295
2026-06-02,Tuesday,Bread,lunch,110,98,26.0,overproduction,63,94,325
2026-06-02,Tuesday,Chicken,breakfast,113,96,52.0,plate_waste,140,93,293
2026-06-02,Tuesday,Chicken,dinner,173,159,52.0,plate_waste,140,93,503
2026-06-02,Tuesday,Chicken,lunch,195,174,52.0,plate_waste,140,93,468
2026-06-02,Tuesday,Rice,breakfast,249,208,160.0,damaged,98,95,529
2026-06-02,Tuesday,Rice,dinner,413,350,160.0,damaged,98,95,744
2026-06-02,Tuesday,Rice,lunch,428,372,160.0,damaged,98,95,1025
2026-06-02,Tuesday,Spinach,breakfast,39,35,15.0,damaged,53,95,79
2026-06-02,Tuesday,Spinach,dinner,49,42,15.0,damaged,53,95,137
2026-06-02,Tuesday,Spinach,lunch,63,59,15.0,damaged,53,95,150
2026-06-02,Tuesday,Vegetables,breakfast,79,70,39.0,preparation,78,94,215
2026-06-02,Tuesday,Vegetables,dinner,103,97,39.0,preparation,78,94,207
2026-06-02,Tuesday,Vegetables,lunch,177,153,39.0,preparation,78,94,360
2026-06-03,Wednesday,Bread,breakfast,57,50,36.0,damaged,63,93,130
2026-06-03,Wednesday,Bread,dinner,79,70,36.0,damaged,63,93,159
2026-06-03,Wednesday,Bread,lunch,122,102,36.0,damaged,63,93,232
2026-06-03,Wednesday,Chicken,breakfast,95,84,56.0,overproduction,140,92,250
2026-06-03,Wednesday,Chicken,dinner,159,136,56.0,overproduction,140,92,324
2026-06-03,Wednesday,Chicken,lunch,191,169,56.0,overproduction,140,92,552
2026-06-03,Wednesday,Rice,breakfast,264,227,133.0,overproduction,98,94,526
2026-06-03,Wednesday,Rice,dinner,404,367,133.0,overproduction,98,94,922
2026-06-03,Wednesday,Rice,lunch,482,423,133.0,overproduction,98,94,910
2026-06-03,Wednesday,Spinach,breakfast,47,43,17.0,overproduction,53,94,120
2026-06-03,Wednesday,Spinach,dinner,33,29,17.0,overproduction,53,94,71
2026-06-03,Wednesday,Spinach,lunch,56,47,17.0,overproduction,53,94,153
2026-06-03,Wednesday,Vegetables,breakfast,91,76,55.0,overproduction,78,93,169
2026-06-03,Wednesday,Vegetables,dinner,130,117,55.0,overproduction,78,93,325
2026-06-03,Wednesday,Vegetables,lunch,188,161,55.0,overproduction,78,93,322
2026-06-04,Thursday,Bread,breakfast,53,45,32.0,overproduction,63,92,116
2026-06-04,Thursday,Bread,dinner,78,69,32.0,overproduction,63,92,225
2026-06-04,Thursday,Bread,lunch,101,86,32.0,overproduction,63,92,238
2026-06-04,Thursday,Chicken,breakfast,121,103,59.0,overproduction,140,91,298
2026-06-04,Thursday,Chicken,dinner,153,140,59.0,overproduction,140,91,348
2026-06-04,Thursday,Chicken,lunch,213,185,59.0,overproduction,140,91,435
2026-06-04,Thursday,Rice,breakfast,242,212,166.0,overproduction,98,93,428
2026-06-04,Thursday,Rice,dinner,419,368,166.0,overproduction,98,93,793
2026-06-04,Thursday,Rice,lunch,500,415,166.0,overproduction,98,93,1176
2026-06-04,Thursday,Spinach,breakfast,27,24,14.0,spoilage,53,93,49
2026-06-04,Thursday,Spinach,dinner,71,65,14.0,spoilage,53,93,207
2026-06-04,Thursday,Spinach,lunch,46,41,14.0,spoilage,53,93,96
2026-06-04,Thursday,Vegetables,breakfast,89,77,29.0,overproduction,78,92,205
2026-06-04,Thursday,Vegetables,dinner,147,139,29.0,overproduction,78,92,349
2026-06-04,Thursday,Vegetables,lunch,153,144,29.0,overproduction,78,92,466
2026-06-05,Friday,Bread,breakfast,43,36,18.0,overproduction,63,91,107
2026-06-05,Friday,Bread,dinner,52,48,18.0,overproduction,63,91,110
2026-06-05,Friday,Bread,lunch,67,60,18.0,overproduction,63,91,165
2026-06-05,Friday,Chicken,breakfast,79,72,43.0,plate_waste,140,90,236
2026-06-05,Friday,Chicken,dinner,141,122,43.0,plate_waste,140,90,289
2026-06-05,Friday,Chicken,lunch,145,128,43.0,plate_waste,140,90,314
2026-06-05,Friday,Rice,breakfast,177,153,100.0,damaged,98,92,322
2026-06-05,Friday,Rice,dinner,285,266,100.0,damaged,98,92,614
2026-06-05,Friday,Rice,lunch,379,322,100.0,damaged,98,92,887
2026-06-05,Friday,Spinach,breakfast,19,16,12.0,damaged,53,92,34
2026-06-05,Friday,Spinach,dinner,34,31,12.0,damaged,53,92,68
2026-06-05,Friday,Spinach,lunch,61,55,12.0,damaged,53,92,133
2026-06-05,Friday,Vegetables,breakfast,47,43,19.0,overproduction,78,91,110
2026-06-05,Friday,Vegetables,dinner,92,87,19.0,overproduction,78,91,187
2026-06-05,Friday,Vegetables,lunch,110,100,19.0,overproduction,78,91,256
2026-06-06,Saturday,Bread,breakfast,38,35,17.0,overproduction,63,90,109
2026-06-06,Saturday,Bread,dinner,66,57,17.0,overproduction,63,90,131
2026-06-06,Saturday,Bread,lunch,46,41,17.0,overproduction,63,90,99
2026-06-06,Saturday,Chicken,breakfast,63,60,39.0,spoilage,140,89,159
2026-06-06,Saturday,Chicken,dinner,103,87,39.0,spoilage,140,89,181
2026-06-06,Saturday,Chicken,lunch,151,131,39.0,spoilage,140,89,345
2026-06-06,Saturday,Rice,breakfast,148,140,85.0,overproduction,98,91,388
2026-06-06,Saturday,Rice,dinner,283,237,85.0,overproduction,98,91,559
2026-06-06,Saturday,Rice,lunch,356,325,85.0,overproduction,98,91,851
2026-06-06,Saturday,Spinach,breakfast,28,25,13.0,overproduction,53,91,73
2026-06-06,Saturday,Spinach,dinner,64,57,13.0,overproduction,53,91,124
2026-06-06,Saturday,Spinach,lunch,40,37,13.0,overproduction,53,91,118
2026-06-06,Saturday,Vegetables,breakfast,86,72,28.0,plate_waste,78,90,190
2026-06-06,Saturday,Vegetables,dinner,68,62,28.0,plate_waste,78,90,174
2026-06-06,Saturday,Vegetables,lunch,112,104,28.0,plate_waste,78,90,230
2026-06-07,Sunday,Bread,breakfast,63,53,29.0,overproduction,63,89,110
2026-06-07,Sunday,Bread,dinner,77,66,29.0,overproduction,63,89,159
2026-06-07,Sunday,Bread,lunch,93,85,29.0,overproduction,63,89,171
2026-06-07,Sunday,Chicken,breakfast,100,85,38.0,plate_waste,140,88,280
2026-06-07,Sunday,Chicken,dinner,135,123,38.0,plate_waste,140,88,324
2026-06-07,Sunday,Chicken,lunch,216,205,38.0,plate_waste,140,88,467
2026-06-07,Sunday,Rice,breakfast,220,202,103.0,overproduction,98,90,463
2026-06-07,Sunday,Rice,dinner,427,401,103.0,overproduction,98,90,1067
2026-06-07,Sunday,Rice,lunch,471,412,103.0,overproduction,98,90,1078
2026-06-07,Sunday,Spinach,breakfast,39,37,15.0,overproduction,53,90,116
2026-06-07,Sunday,Spinach,dinner,48,46,15.0,overproduction,53,90,142
2026-06-07,Sunday,Spinach,lunch,78,67,15.0,overproduction,53,90,163
2026-06-07,Sunday,Vegetables,breakfast,108,91,38.0,overproduction,78,89,210
2026-06-07,Sunday,Vegetables,dinner,129,118,38.0,overproduction,78,89,271
2026-06-07,Sunday,Vegetables,lunch,150,140,38.0,overproduction,78,89,408
2026-06-08,Monday,Bread,breakfast,43,37,32.0,damaged,63,88,95
2026-06-08,Monday,Bread,dinner,94,81,32.0,damaged,63,88,194
2026-06-08,Monday,Bread,lunch,77,64,32.0,damaged,63,88,145
2026-06-08,Monday,Chicken,breakfast,104,95,77.0,damaged,140,87,254
2026-06-08,Monday,Chicken,dinner,180,150,77.0,damaged,140,87,381
2026-06-08,Monday,Chicken,lunch,244,206,77.0,damaged,140,87,462
2026-06-08,Monday,Rice,breakfast,231,212,82.0,preparation,98,89,615
2026-06-08,Monday,Rice,dinner,394,362,82.0,preparation,98,89,799
2026-06-08,Monday,Rice,lunch,480,449,82.0,preparation,98,89,1016
2026-06-08,Monday,Spinach,breakfast,52,44,14.0,spoilage,53,89,112
2026-06-08,Monday,Spinach,dinner,50,46,14.0,spoilage,53,89,152
2026-06-08,Monday,Spinach,lunch,18,16,14.0,spoilage,53,89,37
2026-06-08,Monday,Vegetables,breakfast,74,65,51.0,plate_waste,78,88,188
2026-06-08,Monday,Vegetables,dinner,163,148,51.0,plate_waste,78,88,412
2026-06-08,Monday,Vegetables,lunch,184,157,51.0,plate_waste,78,88,334
2026-06-09,Tuesday,Bread,breakfast,43,39,26.0,spoilage,63,87,115
2026-06-09,Tuesday,Bread,dinner,57,52,26.0,spoilage,63,87,173
2026-06-09,Tuesday,Bread,lunch,122,105,26.0,spoilage,63,87,220
2026-06-09,Tuesday,Chicken,breakfast,107,99,51.0,overproduction,140,86,221
2026-06-09,Tuesday,Chicken,dinner,162,146,51.0,overproduction,140,86,444
2026-06-09,Tuesday,Chicken,lunch,199,172,51.0,overproduction,140,86,355
2026-06-09,Tuesday,Rice,breakfast,239,208,122.0,plate_waste,98,88,606
2026-06-09,Tuesday,Rice,dinner,371,330,122.0,plate_waste,98,88,940
2026-06-09,Tuesday,Rice,lunch,499,449,122.0,plate_waste,98,88,954
2026-06-09,Tuesday,Spinach,breakfast,39,36,24.0,overproduction,53,88,99
2026-06-09,Tuesday,Spinach,dinner,63,53,24.0,overproduction,53,88,152
2026-06-09,Tuesday,Spinach,lunch,64,53,24.0,overproduction,53,88,167
2026-06-09,Tuesday,Vegetables,breakfast,91,80,31.0,overproduction,78,87,165
2026-06-09,Tuesday,Vegetables,dinner,108,97,31.0,overproduction,78,87,228
2026-06-09,Tuesday,Vegetables,lunch,122,113,31.0,overproduction,78,87,280
2026-06-10,Wednesday,Bread,breakfast,65,57,19.0,damaged,63,86,154
2026-06-10,Wednesday,Bread,dinner,58,55,19.0,damaged,63,86,162
2026-06-10,Wednesday,Bread,lunch,91,83,19.0,damaged,63,86,235
2026-06-10,Wednesday,Chicken,breakfast,91,86,52.0,damaged,140,85,203
2026-06-10,Wednesday,Chicken,dinner,166,147,52.0,damaged,140,85,326
2026-06-10,Wednesday,Chicken,lunch,184,156,52.0,damaged,140,85,379
2026-06-10,Wednesday,Rice,breakfast,255,223,100.0,overproduction,98,87,561
2026-06-10,Wednesday,Rice,dinner,396,350,100.0,overproduction,98,87,782
2026-06-10,Wednesday,Rice,lunch,425,403,100.0,overproduction,98,87,1029
2026-06-10,Wednesday,Spinach,breakfast,33,29,11.0,overproduction,53,87,77
2026-06-10,Wednesday,Spinach,dinner,61,57,11.0,overproduction,53,87,133
2026-06-10,Wednesday,Spinach,lunch,31,28,11.0,overproduction,53,87,72
2026-06-10,Wednesday,Vegetables,breakfast,94,82,45.0,damaged,78,86,175
2026-06-10,Wednesday,Vegetables,dinner,135,115,45.0,damaged,78,86,305
2026-06-10,Wednesday,Vegetables,lunch,145,132,45.0,damaged,78,86,371
2026-06-11,Thursday,Bread,breakfast,56,50,38.0,damaged,63,85,101
2026-06-11,Thursday,Bread,dinner,68,60,38.0,damaged,63,85,132
2026-06-11,Thursday,Bread,lunch,148,124,38.0,damaged,63,85,343
2026-06-11,Thursday,Chicken,breakfast,101,92,40.0,overproduction,140,84,298
2026-06-11,Thursday,Chicken,dinner,166,145,40.0,overproduction,140,84,302
2026-06-11,Thursday,Chicken,lunch,184,174,40.0,overproduction,140,84,350
2026-06-11,Thursday,Rice,breakfast,221,207,92.0,overproduction,98,86,524
2026-06-11,Thursday,Rice,dinner,340,315,92.0,overproduction,98,86,934
2026-06-11,Thursday,Rice,lunch,500,447,92.0,overproduction,98,86,1070
2026-06-11,Thursday,Spinach,breakfast,22,21,23.0,plate_waste,53,86,49
2026-06-11,Thursday,Spinach,dinner,62,56,23.0,plate_waste,53,86,164
2026-06-11,Thursday,Spinach,lunch,107,91,23.0,plate_waste,53,86,202
2026-06-11,Thursday,Vegetables,breakfast,72,61,30.0,overproduction,78,85,147
2026-06-11,Thursday,Vegetables,dinner,113,102,30.0,overproduction,78,85,334
2026-06-11,Thursday,Vegetables,lunch,151,143,30.0,overproduction,78,85,367
2026-06-12,Friday,Bread,breakfast,43,37,19.0,overproduction,63,84,86
2026-06-12,Friday,Bread,dinner,58,54,19.0,overproduction,63,84,128
2026-06-12,Friday,Bread,lunch,69,60,19.0,overproduction,63,84,178
2026-06-12,Friday,Chicken,breakfast,70,60,38.0,preparation,140,83,189
2026-06-12,Friday,Chicken,dinner,109,97,38.0,preparation,140,83,225
2026-06-12,Friday,Chicken,lunch,134,118,38.0,preparation,140,83,349
2026-06-12,Friday,Rice,breakfast,167,158,95.0,overproduction,98,85,479
2026-06-12,Friday,Rice,dinner,304,256,95.0,overproduction,98,85,618
2026-06-12,Friday,Rice,lunch,330,292,95.0,overproduction,98,85,966
2026-06-12,Friday,Spinach,breakfast,10,9,14.0,overproduction,53,85,28
2026-06-12,Friday,Spinach,dinner,50,43,14.0,overproduction,53,85,136
2026-06-12,Friday,Spinach,lunch,49,43,14.0,overproduction,53,85,130
2026-06-12,Friday,Vegetables,breakfast,71,64,27.0,overproduction,78,84,138
2026-06-12,Friday,Vegetables,dinner,108,95,27.0,overproduction,78,84,195
2026-06-12,Friday,Vegetables,lunch,105,98,27.0,overproduction,78,84,300
2026-06-13,Saturday,Bread,breakfast,50,41,9.0,overproduction,63,83,108
2026-06-13,Saturday,Bread,dinner,30,43,9.0,overproduction,63,83,131
2026-06-13,Saturday,Bread,lunch,38,64,9.0,overproduction,63,83,202
2026-06-13,Saturday,Chicken,breakfast,38,51,75.0,spoilage,140,82,158
2026-06-13,Saturday,Chicken,dinner,60,95,75.0,spoilage,140,82,307
2026-06-13,Saturday,Chicken,lunch,202,127,75.0,spoilage,140,82,378
2026-06-13,Saturday,Rice,breakfast,241,138,403.0,damaged,98,84,363
2026-06-13,Saturday,Rice,dinner,385,260,403.0,damaged,98,84,675
2026-06-13,Saturday,Rice,lunch,482,307,403.0,damaged,98,84,1014
2026-06-13,Saturday,Spinach,breakfast,13,36,40.0,overproduction,53,84,81
2026-06-13,Saturday,Spinach,dinner,54,30,40.0,overproduction,53,84,74
2026-06-13,Saturday,Spinach,lunch,25,9,40.0,overproduction,53,84,21
2026-06-13,Saturday,Vegetables,breakfast,32,38,122.0,plate_waste,78,83,89
2026-06-13,Saturday,Vegetables,dinner,134,101,122.0,plate_waste,78,83,226
2026-06-13,Saturday,Vegetables,lunch,168,79,122.0,plate_waste,78,83,234
2026-06-14,Sunday,Bread,breakfast,36,34,30.0,plate_waste,63,82,68
2026-06-14,Sunday,Bread,dinner,79,68,30.0,plate_waste,63,82,140
2026-06-14,Sunday,Bread,lunch,102,85,30.0,plate_waste,63,82,263
2026-06-14,Sunday,Chicken,breakfast,99,90,38.0,damaged,140,81,194
2026-06-14,Sunday,Chicken,dinner,157,139,38.0,damaged,140,81,304
2026-06-14,Sunday,Chicken,lunch,169,158,38.0,damaged,140,81,385
2026-06-14,Sunday,Rice,breakfast,247,223,120.0,overproduction,98,83,582
2026-06-14,Sunday,Rice,dinner,387,353,120.0,overproduction,98,83,848
2026-06-14,Sunday,Rice,lunch,502,440,120.0,overproduction,98,83,969
2026-06-14,Sunday,Spinach,breakfast,36,33,14.0,overproduction,53,83,91
2026-06-14,Sunday,Spinach,dinner,50,43,14.0,overproduction,53,83,132
2026-06-14,Sunday,Spinach,lunch,60,56,14.0,overproduction,53,83,114
2026-06-14,Sunday,Vegetables,breakfast,98,82,51.0,spoilage,78,82,240
2026-06-14,Sunday,Vegetables,dinner,139,127,51.0,spoilage,78,82,418
2026-06-14,Sunday,Vegetables,lunch,179,156,51.0,spoilage,78,82,461
2026-06-15,Monday,Bread,breakfast,54,48,30.0,overproduction,63,81,151
2026-06-15,Monday,Bread,dinner,83,71,30.0,overproduction,63,81,157
2026-06-15,Monday,Bread,lunch,109,97,30.0,overproduction,63,81,230
2026-06-15,Monday,Chicken,breakfast,99,83,72.0,spoilage,140,80,232
2026-06-15,Monday,Chicken,dinner,142,124,72.0,spoilage,140,80,254
2026-06-15,Monday,Chicken,lunch,238,200,72.0,spoilage,140,80,435
2026-06-15,Monday,Rice,breakfast,238,223,96.0,damaged,98,82,622
2026-06-15,Monday,Rice,dinner,360,336,96.0,damaged,98,82,1047
2026-06-15,Monday,Rice,lunch,532,475,96.0,damaged,98,82,989
2026-06-15,Monday,Spinach,breakfast,26,24,19.0,overproduction,53,82,53
2026-06-15,Monday,Spinach,dinner,59,51,19.0,overproduction,53,82,137
2026-06-15,Monday,Spinach,lunch,58,49,19.0,overproduction,53,82,156
2026-06-15,Monday,Vegetables,breakfast,84,72,41.0,damaged,78,81,170
2026-06-15,Monday,Vegetables,dinner,129,122,41.0,damaged,78,81,357
2026-06-15,Monday,Vegetables,lunch,185,163,41.0,damaged,78,81,355
2026-06-16,Tuesday,Bread,breakfast,49,45,37.0,overproduction,63,80,91
2026-06-16,Tuesday,Bread,dinner,91,76,37.0,overproduction,63,80,214
2026-06-16,Tuesday,Bread,lunch,124,106,37.0,overproduction,63,80,251
2026-06-16,Tuesday,Chicken,breakfast,86,76,38.0,overproduction,140,79,206
2026-06-16,Tuesday,Chicken,dinner,154,137,38.0,overproduction,140,79,293
2026-06-16,Tuesday,Chicken,lunch,189,178,38.0,overproduction,140,79,569
2026-06-16,Tuesday,Rice,breakfast,272,230,183.0,overproduction,98,81,623
2026-06-16,Tuesday,Rice,dinner,410,349,183.0,overproduction,98,81,754
2026-06-16,Tuesday,Rice,lunch,501,421,183.0,overproduction,98,81,1011
2026-06-16,Tuesday,Spinach,breakfast,44,38,16.0,preparation,53,81,80
2026-06-16,Tuesday,Spinach,dinner,53,47,16.0,preparation,53,81,98
2026-06-16,Tuesday,Spinach,lunch,46,42,16.0,preparation,53,81,103
2026-06-16,Tuesday,Vegetables,breakfast,100,91,32.0,overproduction,78,80,226
2026-06-16,Tuesday,Vegetables,dinner,117,102,32.0,overproduction,78,80,222
2026-06-16,Tuesday,Vegetables,lunch,130,122,32.0,overproduction,78,80,268
2026-06-17,Wednesday,Bread,breakfast,40,37,16.0,plate_waste,63,79,97
2026-06-17,Wednesday,Bread,dinner,68,64,16.0,plate_waste,63,79,199
2026-06-17,Wednesday,Bread,lunch,109,100,16.0,plate_waste,63,79,276
2026-06-17,Wednesday,Chicken,breakfast,100,91,42.0,damaged,140,78,203
2026-06-17,Wednesday,Chicken,dinner,155,147,42.0,damaged,140,78,437
2026-06-17,Wednesday,Chicken,lunch,199,174,42.0,damaged,140,78,403
2026-06-17,Wednesday,Rice,breakfast,215,198,123.0,overproduction,98,80,587
2026-06-17,Wednesday,Rice,dinner,396,330,123.0,overproduction,98,80,724
2026-06-17,Wednesday,Rice,lunch,473,433,123.0,overproduction,98,80,974
2026-06-17,Wednesday,Spinach,breakfast,19,16,19.0,overproduction,53,80,39
2026-06-17,Wednesday,Spinach,dinner,57,52,19.0,overproduction,53,80,152
2026-06-17,Wednesday,Spinach,lunch,68,57,19.0,overproduction,53,80,155
2026-06-17,Wednesday,Vegetables,breakfast,78,68,47.0,overproduction,78,79,194
2026-06-17,Wednesday,Vegetables,dinner,154,132,47.0,overproduction,78,79,416
2026-06-17,Wednesday,Vegetables,lunch,183,168,47.0,overproduction,78,79,418
2026-06-18,Thursday,Bread,breakfast,59,49,37.0,plate_waste,63,78,155
2026-06-18,Thursday,Bread,dinner,88,74,37.0,plate_waste,63,78,227
2026-06-18,Thursday,Bread,lunch,118,105,37.0,plate_waste,63,78,280
2026-06-18,Thursday,Chicken,breakfast,83,76,47.0,overproduction,140,77,169
2026-06-18,Thursday,Chicken,dinner,162,153,47.0,overproduction,140,77,337
2026-06-18,Thursday,Chicken,lunch,189,158,47.0,overproduction,140,77,421
2026-06-18,Thursday,Rice,breakfast,224,202,144.0,overproduction,98,79,416
2026-06-18,Thursday,Rice,dinner,407,366,144.0,overproduction,98,79,988
2026-06-18,Thursday,Rice,lunch,500,419,144.0,overproduction,98,79,1026
2026-06-18,Thursday,Spinach,breakfast,41,36,28.0,spoilage,53,79,106
2026-06-18,Thursday,Spinach,dinner,78,73,28.0,spoilage,53,79,174
2026-06-18,Thursday,Spinach,lunch,117,99,28.0,spoilage,53,79,206
2026-06-18,Thursday,Vegetables,breakfast,73,63,37.0,overproduction,78,78,133
2026-06-18,Thursday,Vegetables,dinner,130,113,37.0,overproduction,78,78,244
2026-06-18,Thursday,Vegetables,lunch,160,150,37.0,overproduction,78,78,477
2026-06-19,Friday,Bread,breakfast,47,40,24.0,plate_waste,63,77,89
2026-06-19,Friday,Bread,dinner,85,74,24.0,plate_waste,63,77,212
2026-06-19,Friday,Bread,lunch,55,49,24.0,plate_waste,63,77,119
2026-06-19,Friday,Chicken,breakfast,91,85,50.0,overproduction,140,76,207
2026-06-19,Friday,Chicken,dinner,133,111,50.0,overproduction,140,76,287
2026-06-19,Friday,Chicken,lunch,134,112,50.0,overproduction,140,76,251
2026-06-19,Friday,Rice,breakfast,157,146,103.0,spoilage,98,78,388
2026-06-19,Friday,Rice,dinner,273,244,103.0,spoilage,98,78,563
2026-06-19,Friday,Rice,lunch,397,334,103.0,spoilage,98,78,858
2026-06-19,Friday,Spinach,breakfast,32,29,9.0,overproduction,53,78,64
2026-06-19,Friday,Spinach,dinner,23,20,9.0,overproduction,53,78,58
2026-06-19,Friday,Spinach,lunch,28,25,9.0,overproduction,53,78,59
2026-06-19,Friday,Vegetables,breakfast,68,59,26.0,overproduction,78,77,137
2026-06-19,Friday,Vegetables,dinner,111,100,26.0,overproduction,78,77,278
2026-06-19,Friday,Vegetables,lunch,129,123,26.0,overproduction,78,77,347
2026-06-20,Saturday,Bread,breakfast,38,33,22.0,spoilage,63,76,92
2026-06-20,Saturday,Bread,dinner,49,44,22.0,spoilage,63,76,121
2026-06-20,Saturday,Bread,lunch,75,63,22.0,spoilage,63,76,197
2026-06-20,Saturday,Chicken,breakfast,70,62,47.0,overproduction,140,75,166
2026-06-20,Saturday,Chicken,dinner,109,93,47.0,overproduction,140,75,228
2026-06-20,Saturday,Chicken,lunch,150,127,47.0,overproduction,140,75,368
2026-06-20,Saturday,Rice,breakfast,187,166,107.0,overproduction,98,77,398
2026-06-20,Saturday,Rice,dinner,290,249,107.0,overproduction,98,77,514
2026-06-20,Saturday,Rice,lunch,302,257,107.0,overproduction,98,77,741
2026-06-20,Saturday,Spinach,breakfast,19,18,4.0,overproduction,53,77,37
2026-06-20,Saturday,Spinach,dinner,26,25,4.0,overproduction,53,77,53
2026-06-20,Saturday,Spinach,lunch,32,30,4.0,overproduction,53,77,65
2026-06-20,Saturday,Vegetables,breakfast,74,63,29.0,overproduction,78,76,150
2026-06-20,Saturday,Vegetables,dinner,97,88,29.0,overproduction,78,76,280
2026-06-20,Saturday,Vegetables,lunch,86,77,29.0,overproduction,78,76,159
2026-06-21,Sunday,Bread,breakfast,50,48,19.0,damaged,63,75,151
2026-06-21,Sunday,Bread,dinner,101,89,19.0,damaged,63,75,226
2026-06-21,Sunday,Bread,lunch,93,88,19.0,damaged,63,75,273
2026-06-21,Sunday,Chicken,breakfast,111,93,54.0,overproduction,140,74,294
2026-06-21,Sunday,Chicken,dinner,152,127,54.0,overproduction,140,74,298
2026-06-21,Sunday,Chicken,lunch,208,197,54.0,overproduction,140,74,456
2026-06-21,Sunday,Rice,breakfast,241,228,107.0,overproduction,98,76,623
2026-06-21,Sunday,Rice,dinner,432,365,107.0,overproduction,98,76,927
2026-06-21,Sunday,Rice,lunch,433,406,107.0,overproduction,98,76,1207
2026-06-21,Sunday,Spinach,breakfast,34,30,15.0,overproduction,53,76,63
2026-06-21,Sunday,Spinach,dinner,67,58,15.0,overproduction,53,76,150
2026-06-21,Sunday,Spinach,lunch,44,42,15.0,overproduction,53,76,85
2026-06-21,Sunday,Vegetables,breakfast,96,80,56.0,overproduction,78,75,166
2026-06-21,Sunday,Vegetables,dinner,138,123,56.0,overproduction,78,75,375
2026-06-21,Sunday,Vegetables,lunch,168,143,56.0,overproduction,78,75,391
2026-06-22,Monday,Bread,breakfast,54,49,34.0,overproduction,63,74,110
2026-06-22,Monday,Bread,dinner,94,85,34.0,overproduction,63,74,219
2026-06-22,Monday,Bread,lunch,121,101,34.0,overproduction,63,74,203
2026-06-22,Monday,Chicken,breakfast,93,85,36.0,plate_waste,140,73,182
2026-06-22,Monday,Chicken,dinner,127,119,36.0,plate_waste,140,73,297
2026-06-22,Monday,Chicken,lunch,206,186,36.0,plate_waste,140,73,391
2026-06-22,Monday,Rice,breakfast,257,228,127.0,overproduction,98,75,632
2026-06-22,Monday,Rice,dinner,377,332,127.0,overproduction,98,75,783
2026-06-22,Monday,Rice,lunch,472,419,127.0,overproduction,98,75,990
2026-06-22,Monday,Spinach,breakfast,34,29,16.0,plate_waste,53,75,75
2026-06-22,Monday,Spinach,dinner,57,53,16.0,plate_waste,53,75,176
2026-06-22,Monday,Spinach,lunch,72,65,16.0,plate_waste,53,75,214
2026-06-22,Monday,Vegetables,breakfast,83,73,35.0,overproduction,78,74,161
2026-06-22,Monday,Vegetables,dinner,124,117,35.0,overproduction,78,74,301
2026-06-22,Monday,Vegetables,lunch,169,151,35.0,overproduction,78,74,436
2026-06-23,Tuesday,Bread,breakfast,54,47,26.0,overproduction,63,73,97
2026-06-23,Tuesday,Bread,dinner,69,60,26.0,overproduction,63,73,133
2026-06-23,Tuesday,Bread,lunch,94,84,26.0,overproduction,63,73,249
2026-06-23,Tuesday,Chicken,breakfast,112,97,44.0,damaged,140,72,201
2026-06-23,Tuesday,Chicken,dinner,164,146,44.0,damaged,140,72,417
2026-06-23,Tuesday,Chicken,lunch,191,180,44.0,damaged,140,72,398
2026-06-23,Tuesday,Rice,breakfast,240,221,93.0,damaged,98,74,543
2026-06-23,Tuesday,Rice,dinner,358,339,93.0,damaged,98,74,812
2026-06-23,Tuesday,Rice,lunch,521,466,93.0,damaged,98,74,989
2026-06-23,Tuesday,Spinach,breakfast,45,39,21.0,overproduction,53,74,114
2026-06-23,Tuesday,Spinach,dinner,39,36,21.0,overproduction,53,74,113
2026-06-23,Tuesday,Spinach,lunch,80,68,21.0,overproduction,53,74,142
2026-06-23,Tuesday,Vegetables,breakfast,80,69,53.0,overproduction,78,73,145
2026-06-23,Tuesday,Vegetables,dinner,160,137,53.0,overproduction,78,73,305
2026-06-23,Tuesday,Vegetables,lunch,157,138,53.0,overproduction,78,73,302
2026-06-24,Wednesday,Bread,breakfast,56,48,35.0,damaged,63,72,136
2026-06-24,Wednesday,Bread,dinner,81,68,35.0,damaged,63,72,210
2026-06-24,Wednesday,Bread,lunch,88,74,35.0,damaged,63,72,178
2026-06-24,Wednesday,Chicken,breakfast,90,77,59.0,damaged,140,71,177
2026-06-24,Wednesday,Chicken,dinner,173,150,59.0,damaged,140,71,359
2026-06-24,Wednesday,Chicken,lunch,178,155,59.0,damaged,140,71,372
2026-06-24,Wednesday,Rice,breakfast,254,226,120.0,overproduction,98,73,603
2026-06-24,Wednesday,Rice,dinner,379,337,120.0,overproduction,98,73,874
2026-06-24,Wednesday,Rice,lunch,484,434,120.0,overproduction,98,73,1318
2026-06-24,Wednesday,Spinach,breakfast,31,27,16.0,overproduction,53,73,56
2026-06-24,Wednesday,Spinach,dinner,56,50,16.0,overproduction,53,73,109
2026-06-24,Wednesday,Spinach,lunch,66,60,16.0,overproduction,53,73,129
2026-06-24,Wednesday,Vegetables,breakfast,83,74,42.0,overproduction,78,72,189
2026-06-24,Wednesday,Vegetables,dinner,149,135,42.0,overproduction,78,72,271
2026-06-24,Wednesday,Vegetables,lunch,169,150,42.0,overproduction,78,72,470
2026-06-25,Thursday,Bread,breakfast,54,49,29.0,overproduction,63,71,109
2026-06-25,Thursday,Bread,dinner,84,74,29.0,overproduction,63,71,170
2026-06-25,Thursday,Bread,lunch,104,90,29.0,overproduction,63,71,285
2026-06-25,Thursday,Chicken,breakfast,94,87,28.0,overproduction,140,70,175
2026-06-25,Thursday,Chicken,dinner,160,150,28.0,overproduction,140,70,397
2026-06-25,Thursday,Chicken,lunch,182,171,28.0,overproduction,140,70,454
2026-06-25,Thursday,Rice,breakfast,254,222,206.0,preparation,98,72,569
2026-06-25,Thursday,Rice,dinner,385,332,206.0,preparation,98,72,1049
2026-06-25,Thursday,Rice,lunch,500,379,206.0,preparation,98,72,828
2026-06-25,Thursday,Spinach,breakfast,20,19,17.0,plate_waste,53,72,57
2026-06-25,Thursday,Spinach,dinner,84,76,17.0,plate_waste,53,72,193
2026-06-25,Thursday,Spinach,lunch,60,52,17.0,plate_waste,53,72,146
2026-06-25,Thursday,Vegetables,breakfast,71,66,47.0,overproduction,78,71,196
2026-06-25,Thursday,Vegetables,dinner,147,124,47.0,overproduction,78,71,378
2026-06-25,Thursday,Vegetables,lunch,167,148,47.0,overproduction,78,71,329
2026-06-26,Friday,Bread,breakfast,45,40,16.0,damaged,63,70,96
2026-06-26,Friday,Bread,dinner,43,39,16.0,damaged,63,70,96
2026-06-26,Friday,Bread,lunch,68,61,16.0,damaged,63,70,170
2026-06-26,Friday,Chicken,breakfast,69,64,45.0,spoilage,140,69,192
2026-06-26,Friday,Chicken,dinner,119,101,45.0,spoilage,140,69,281
2026-06-26,Friday,Chicken,lunch,146,124,45.0,spoilage,140,69,408
2026-06-26,Friday,Rice,breakfast,185,166,98.0,plate_waste,98,71,362
2026-06-26,Friday,Rice,dinner,278,252,98.0,plate_waste,98,71,506
2026-06-26,Friday,Rice,lunch,337,284,98.0,plate_waste,98,71,814
2026-06-26,Friday,Spinach,breakfast,33,29,16.0,overproduction,53,71,66
2026-06-26,Friday,Spinach,dinner,45,38,16.0,overproduction,53,71,81
2026-06-26,Friday,Spinach,lunch,66,61,16.0,overproduction,53,71,175
2026-06-26,Friday,Vegetables,breakfast,83,69,38.0,spoilage,78,70,157
2026-06-26,Friday,Vegetables,dinner,81,74,38.0,spoilage,78,70,241
2026-06-26,Friday,Vegetables,lunch,138,121,38.0,spoilage,78,70,286
2026-06-27,Saturday,Bread,breakfast,36,32,20.0,overproduction,63,69,99
2026-06-27,Saturday,Bread,dinner,60,55,20.0,overproduction,63,69,163
2026-06-27,Saturday,Bread,lunch,70,59,20.0,overproduction,63,69,140
2026-06-27,Saturday,Chicken,breakfast,84,70,38.0,overproduction,140,68,140
2026-06-27,Saturday,Chicken,dinner,106,89,38.0,overproduction,140,68,180
2026-06-27,Saturday,Chicken,lunch,137,130,38.0,overproduction,140,68,361
2026-06-27,Saturday,Rice,breakfast,177,150,104.0,spoilage,98,70,349
2026-06-27,Saturday,Rice,dinner,290,255,104.0,spoilage,98,70,719
2026-06-27,Saturday,Rice,lunch,346,304,104.0,spoilage,98,70,622
2026-06-27,Saturday,Spinach,breakfast,12,11,15.0,overproduction,53,70,27
2026-06-27,Saturday,Spinach,dinner,38,32,15.0,overproduction,53,70,73
2026-06-27,Saturday,Spinach,lunch,50,42,15.0,overproduction,53,70,110
2026-06-27,Saturday,Vegetables,breakfast,59,52,30.0,overproduction,78,69,143
2026-06-27,Saturday,Vegetables,dinner,99,88,30.0,overproduction,78,69,184
2026-06-27,Saturday,Vegetables,lunch,114,102,30.0,overproduction,78,69,276
2026-06-28,Sunday,Bread,breakfast,52,48,27.0,damaged,63,68,154
2026-06-28,Sunday,Bread,dinner,67,58,27.0,damaged,63,68,131
2026-06-28,Sunday,Bread,lunch,100,86,27.0,damaged,63,68,173
2026-06-28,Sunday,Chicken,breakfast,105,92,51.0,overproduction,140,67,254
2026-06-28,Sunday,Chicken,dinner,168,149,51.0,overproduction,140,67,317
2026-06-28,Sunday,Chicken,lunch,181,162,51.0,overproduction,140,67,443
2026-06-28,Sunday,Rice,breakfast,248,218,147.0,overproduction,98,69,530
2026-06-28,Sunday,Rice,dinner,367,329,147.0,overproduction,98,69,665
2026-06-28,Sunday,Rice,lunch,487,408,147.0,overproduction,98,69,1050
2026-06-28,Sunday,Spinach,breakfast,38,36,17.0,damaged,53,69,90
2026-06-28,Sunday,Spinach,dinner,64,59,17.0,damaged,53,69,152
2026-06-28,Sunday,Spinach,lunch,65,55,17.0,damaged,53,69,179
2026-06-28,Sunday,Vegetables,breakfast,97,86,52.0,damaged,78,68,185
2026-06-28,Sunday,Vegetables,dinner,145,122,52.0,damaged,78,68,292
2026-06-28,Sunday,Vegetables,lunch,139,121,52.0,damaged,78,68,374
2026-06-29,Monday,Bread,breakfast,47,44,17.0,plate_waste,63,67,115
2026-06-29,Monday,Bread,dinner,88,79,17.0,plate_waste,63,67,229
2026-06-29,Monday,Bread,lunch,81,76,17.0,plate_waste,63,67,160
2026-06-29,Monday,Chicken,breakfast,94,87,47.0,overproduction,140,66,281
2026-06-29,Monday,Chicken,dinner,153,137,47.0,overproduction,140,66,397
2026-06-29,Monday,Chicken,lunch,231,207,47.0,overproduction,140,66,647
2026-06-29,Monday,Rice,breakfast,233,222,114.0,overproduction,98,68,629
2026-06-29,Monday,Rice,dinner,407,351,114.0,overproduction,98,68,1131
2026-06-29,Monday,Rice,lunch,446,399,114.0,overproduction,98,68,1054
2026-06-29,Monday,Spinach,breakfast,25,22,19.0,plate_waste,53,68,45
2026-06-29,Monday,Spinach,dinner,65,54,19.0,plate_waste,53,68,157
2026-06-29,Monday,Spinach,lunch,82,77,19.0,plate_waste,53,68,166
2026-06-29,Monday,Vegetables,breakfast,92,83,49.0,overproduction,78,67,241
2026-06-29,Monday,Vegetables,dinner,127,107,49.0,overproduction,78,67,286
2026-06-29,Monday,Vegetables,lunch,148,128,49.0,overproduction,78,67,339
2026-06-30,Tuesday,Bread,breakfast,60,51,23.0,plate_waste,63,66,114
2026-06-30,Tuesday,Bread,dinner,67,60,23.0,plate_waste,63,66,158
2026-06-30,Tuesday,Bread,lunch,85,78,23.0,plate_waste,63,66,174
2026-06-30,Tuesday,Chicken,breakfast,88,74,52.0,overproduction,140,65,232
2026-06-30,Tuesday,Chicken,dinner,154,139,52.0,overproduction,140,65,347
2026-06-30,Tuesday,Chicken,lunch,233,210,52.0,overproduction,140,65,554
2026-06-30,Tuesday,Rice,breakfast,243,220,131.0,damaged,98,67,638
2026-06-30,Tuesday,Rice,dinner,410,351,131.0,damaged,98,67,1015
2026-06-30,Tuesday,Rice,lunch,485,436,131.0,damaged,98,67,1319
2026-06-30,Tuesday,Spinach,breakfast,37,33,10.0,damaged,53,67,84
2026-06-30,Tuesday,Spinach,dinner,51,48,10.0,damaged,53,67,103
2026-06-30,Tuesday,Spinach,lunch,62,59,10.0,damaged,53,67,190
2026-06-30,Tuesday,Vegetables,breakfast,85,73,50.0,overproduction,78,66,200
2026-06-30,Tuesday,Vegetables,dinner,149,134,50.0,overproduction,78,66,414
2026-06-30,Tuesday,Vegetables,lunch,186,163,50.0,overproduction,78,66,424
2026-07-01,Wednesday,Bread,breakfast,58,53,28.0,damaged,63,65,109
2026-07-01,Wednesday,Bread,dinner,85,75,28.0,damaged,63,65,202
2026-07-01,Wednesday,Bread,lunch,94,81,28.0,damaged,63,65,193
2026-07-01,Wednesday,Chicken,breakfast,88,78,45.0,damaged,140,64,157
2026-07-01,Wednesday,Chicken,dinner,151,130,45.0,damaged,140,64,283
2026-07-01,Wednesday,Chicken,lunch,217,203,45.0,damaged,140,64,530
2026-07-01,Wednesday,Rice,breakfast,238,205,103.0,damaged,98,66,582
2026-07-01,Wednesday,Rice,dinner,379,334,103.0,damaged,98,66,1080
2026-07-01,Wednesday,Rice,lunch,465,440,103.0,damaged,98,66,1140
2026-07-01,Wednesday,Spinach,breakfast,29,27,11.0,overproduction,53,66,60
2026-07-01,Wednesday,Spinach,dinner,69,65,11.0,overproduction,53,66,147
2026-07-01,Wednesday,Spinach,lunch,50,45,11.0,overproduction,53,66,137
2026-07-01,Wednesday,Vegetables,breakfast,77,73,50.0,overproduction,78,65,203
2026-07-01,Wednesday,Vegetables,dinner,148,124,50.0,overproduction,78,65,301
2026-07-01,Wednesday,Vegetables,lunch,185,163,50.0,overproduction,78,65,512
2026-07-02,Thursday,Bread,breakfast,45,40,32.0,spoilage,63,64,92
2026-07-02,Thursday,Bread,dinner,74,66,32.0,spoilage,63,64,153
2026-07-02,Thursday,Bread,lunch,113,94,32.0,spoilage,63,64,256
2026-07-02,Thursday,Chicken,breakfast,96,89,50.0,spoilage,140,63,276
2026-07-02,Thursday,Chicken,dinner,156,132,50.0,spoilage,140,63,287
2026-07-02,Thursday,Chicken,lunch,210,191,50.0,spoilage,140,63,624
2026-07-02,Thursday,Rice,breakfast,236,224,109.0,overproduction,98,65,508
2026-07-02,Thursday,Rice,dinner,381,346,109.0,overproduction,98,65,1098
2026-07-02,Thursday,Rice,lunch,500,438,109.0,overproduction,98,65,1254
2026-07-02,Thursday,Spinach,breakfast,36,30,23.0,overproduction,53,65,65
2026-07-02,Thursday,Spinach,dinner,42,36,23.0,overproduction,53,65,94
2026-07-02,Thursday,Spinach,lunch,76,65,23.0,overproduction,53,65,178
2026-07-02,Thursday,Vegetables,breakfast,84,74,50.0,overproduction,78,64,219
2026-07-02,Thursday,Vegetables,dinner,103,92,50.0,overproduction,78,64,290
2026-07-02,Thursday,Vegetables,lunch,177,148,50.0,overproduction,78,64,332
2026-07-03,Friday,Bread,breakfast,38,34,20.0,overproduction,63,63,72
2026-07-03,Friday,Bread,dinner,48,43,20.0,overproduction,63,63,104
2026-07-03,Friday,Bread,lunch,77,66,20.0,overproduction,63,63,201
2026-07-03,Friday,Chicken,breakfast,69,64,31.0,overproduction,140,62,206
2026-07-03,Friday,Chicken,dinner,117,103,31.0,overproduction,140,62,308
2026-07-03,Friday,Chicken,lunch,158,146,31.0,overproduction,140,62,381
2026-07-03,Friday,Rice,breakfast,155,137,93.0,spoilage,98,64,392
2026-07-03,Friday,Rice,dinner,286,268,93.0,spoilage,98,64,706
2026-07-03,Friday,Rice,lunch,382,325,93.0,spoilage,98,64,694
2026-07-03,Friday,Spinach,breakfast,22,19,9.0,overproduction,53,64,53
2026-07-03,Friday,Spinach,dinner,14,13,9.0,overproduction,53,64,39
2026-07-03,Friday,Spinach,lunch,48,43,9.0,overproduction,53,64,137
2026-07-03,Friday,Vegetables,breakfast,50,46,37.0,overproduction,78,63,138
2026-07-03,Friday,Vegetables,dinner,95,80,37.0,overproduction,78,63,195
2026-07-03,Friday,Vegetables,lunch,123,105,37.0,overproduction,78,63,298
2026-07-04,Saturday,Bread,breakfast,20,19,14.0,plate_waste,63,62,56
2026-07-04,Saturday,Bread,dinner,73,65,14.0,plate_waste,63,62,188
2026-07-04,Saturday,Bread,lunch,85,80,14.0,plate_waste,63,62,171
2026-07-04,Saturday,Chicken,breakfast,86,77,26.0,overproduction,140,61,220
2026-07-04,Saturday,Chicken,dinner,91,81,26.0,overproduction,140,61,163
2026-07-04,Saturday,Chicken,lunch,120,113,26.0,overproduction,140,61,363
2026-07-04,Saturday,Rice,breakfast,197,165,82.0,spoilage,98,63,486
2026-07-04,Saturday,Rice,dinner,272,248,82.0,spoilage,98,63,677
2026-07-04,Saturday,Rice,lunch,366,340,82.0,spoilage,98,63,792
2026-07-04,Saturday,Spinach,breakfast,14,13,8.0,overproduction,53,63,38
2026-07-04,Saturday,Spinach,dinner,27,23,8.0,overproduction,53,63,57
2026-07-04,Saturday,Spinach,lunch,45,42,8.0,overproduction,53,63,95
2026-07-04,Saturday,Vegetables,breakfast,67,62,35.0,overproduction,78,62,181
2026-07-04,Saturday,Vegetables,dinner,117,105,35.0,overproduction,78,62,248
2026-07-04,Saturday,Vegetables,lunch,128,110,35.0,overproduction,78,62,294
2026-07-05,Sunday,Bread,breakfast,48,44,26.0,overproduction,63,61,122
2026-07-05,Sunday,Bread,dinner,74,64,26.0,overproduction,63,61,137
2026-07-05,Sunday,Bread,lunch,84,72,26.0,overproduction,63,61,153
2026-07-05,Sunday,Chicken,breakfast,110,96,72.0,overproduction,140,60,245
2026-07-05,Sunday,Chicken,dinner,163,138,72.0,overproduction,140,60,297
2026-07-05,Sunday,Chicken,lunch,215,182,72.0,overproduction,140,60,495
2026-07-05,Sunday,Rice,breakfast,239,216,133.0,plate_waste,98,62,510
2026-07-05,Sunday,Rice,dinner,407,371,133.0,plate_waste,98,62,839
2026-07-05,Sunday,Rice,lunch,505,431,133.0,plate_waste,98,62,1200
2026-07-05,Sunday,Spinach,breakfast,19,17,13.0,overproduction,53,62,56
2026-07-05,Sunday,Spinach,dinner,42,35,13.0,overproduction,53,62,72
2026-07-05,Sunday,Spinach,lunch,67,63,13.0,overproduction,53,62,210
2026-07-05,Sunday,Vegetables,breakfast,85,76,56.0,overproduction,78,61,155
2026-07-05,Sunday,Vegetables,dinner,156,137,56.0,overproduction,78,61,285
2026-07-05,Sunday,Vegetables,lunch,194,166,56.0,overproduction,78,61,347
2026-07-06,Monday,Bread,breakfast,47,44,28.0,overproduction,63,60,94
2026-07-06,Monday,Bread,dinner,102,88,28.0,overproduction,63,60,283
2026-07-06,Monday,Bread,lunch,121,110,28.0,overproduction,63,60,230
2026-07-06,Monday,Chicken,breakfast,99,83,64.0,plate_waste,140,59,172
2026-07-06,Monday,Chicken,dinner,163,147,64.0,plate_waste,140,59,482
2026-07-06,Monday,Chicken,lunch,221,189,64.0,plate_waste,140,59,428
2026-07-06,Monday,Rice,breakfast,226,213,67.0,spoilage,98,61,622
2026-07-06,Monday,Rice,dinner,378,349,67.0,spoilage,98,61,934
2026-07-06,Monday,Rice,lunch,467,442,67.0,spoilage,98,61,1196
2026-07-06,Monday,Spinach,breakfast,35,33,24.0,overproduction,53,61,67
2026-07-06,Monday,Spinach,dinner,93,82,24.0,overproduction,53,61,229
2026-07-06,Monday,Spinach,lunch,70,59,24.0,overproduction,53,61,133
2026-07-06,Monday,Vegetables,breakfast,80,71,43.0,damaged,78,60,181
2026-07-06,Monday,Vegetables,dinner,138,117,43.0,damaged,78,60,290
2026-07-06,Monday,Vegetables,lunch,160,147,43.0,damaged,78,60,473
2026-07-07,Tuesday,Bread,breakfast,58,52,27.0,preparation,63,59,132
2026-07-07,Tuesday,Bread,dinner,91,81,27.0,preparation,63,59,230
2026-07-07,Tuesday,Bread,lunch,85,74,27.0,preparation,63,59,216
2026-07-07,Tuesday,Chicken,breakfast,92,82,32.0,plate_waste,140,58,167
2026-07-07,Tuesday,Chicken,dinner,162,152,32.0,plate_waste,140,58,463
2026-07-07,Tuesday,Chicken,lunch,224,212,32.0,plate_waste,140,58,681
2026-07-07,Tuesday,Rice,breakfast,239,206,170.0,overproduction,98,60,496
2026-07-07,Tuesday,Rice,dinner,401,339,170.0,overproduction,98,60,756
2026-07-07,Tuesday,Rice,lunch,548,473,170.0,overproduction,98,60,1004
2026-07-07,Tuesday,Spinach,breakfast,46,39,27.0,overproduction,53,60,99
2026-07-07,Tuesday,Spinach,dinner,72,62,27.0,overproduction,53,60,160
2026-07-07,Tuesday,Spinach,lunch,64,54,27.0,overproduction,53,60,130
2026-07-07,Tuesday,Vegetables,breakfast,78,68,31.0,plate_waste,78,59,196
2026-07-07,Tuesday,Vegetables,dinner,84,79,31.0,plate_waste,78,59,162
2026-07-07,Tuesday,Vegetables,lunch,165,149,31.0,plate_waste,78,59,396
2026-07-08,Wednesday,Bread,breakfast,47,39,31.0,plate_waste,63,58,109
2026-07-08,Wednesday,Bread,dinner,77,70,31.0,plate_waste,63,58,191
2026-07-08,Wednesday,Bread,lunch,133,117,31.0,plate_waste,63,58,295
2026-07-08,Wednesday,Chicken,breakfast,92,86,43.0,overproduction,140,57,199
2026-07-08,Wednesday,Chicken,dinner,185,159,43.0,overproduction,140,57,332
2026-07-08,Wednesday,Chicken,lunch,203,192,43.0,overproduction,140,57,418
2026-07-08,Wednesday,Rice,breakfast,227,213,144.0,damaged,98,59,465
2026-07-08,Wednesday,Rice,dinner,411,349,144.0,damaged,98,59,874
2026-07-08,Wednesday,Rice,lunch,491,423,144.0,damaged,98,59,931
2026-07-08,Wednesday,Spinach,breakfast,26,22,15.0,damaged,53,59,68
2026-07-08,Wednesday,Spinach,dinner,55,46,15.0,damaged,53,59,138
2026-07-08,Wednesday,Spinach,lunch,30,28,15.0,damaged,53,59,73
2026-07-08,Wednesday,Vegetables,breakfast,74,67,45.0,overproduction,78,58,175
2026-07-08,Wednesday,Vegetables,dinner,132,117,45.0,overproduction,78,58,262
2026-07-08,Wednesday,Vegetables,lunch,183,160,45.0,overproduction,78,58,347
2026-07-09,Thursday,Bread,breakfast,41,39,15.0,plate_waste,63,57,86
2026-07-09,Thursday,Bread,dinner,63,58,15.0,plate_waste,63,57,131
2026-07-09,Thursday,Bread,lunch,114,106,15.0,plate_waste,63,57,307
2026-07-09,Thursday,Chicken,breakfast,114,97,56.0,damaged,140,56,222
2026-07-09,Thursday,Chicken,dinner,139,131,56.0,damaged,140,56,365
2026-07-09,Thursday,Chicken,lunch,197,166,56.0,damaged,140,56,452
2026-07-09,Thursday,Rice,breakfast,244,209,170.0,damaged,98,58,694
2026-07-09,Thursday,Rice,dinner,383,323,170.0,damaged,98,58,942
2026-07-09,Thursday,Rice,lunch,500,425,170.0,damaged,98,58,1266
2026-07-09,Thursday,Spinach,breakfast,53,49,16.0,plate_waste,53,58,119
2026-07-09,Thursday,Spinach,dinner,65,58,16.0,plate_waste,53,58,190
2026-07-09,Thursday,Spinach,lunch,68,63,16.0,plate_waste,53,58,169
2026-07-09,Thursday,Vegetables,breakfast,69,59,50.0,damaged,78,57,182
2026-07-09,Thursday,Vegetables,dinner,174,154,50.0,damaged,78,57,339
2026-07-09,Thursday,Vegetables,lunch,177,157,50.0,damaged,78,57,466
2026-07-10,Friday,Bread,breakfast,42,37,16.0,damaged,63,56,117
2026-07-10,Friday,Bread,dinner,51,46,16.0,damaged,63,56,130
2026-07-10,Friday,Bread,lunch,57,51,16.0,damaged,63,56,159
2026-07-10,Friday,Chicken,breakfast,59,54,27.0,overproduction,140,55,140
2026-07-10,Friday,Chicken,dinner,120,103,27.0,overproduction,140,55,222
2026-07-10,Friday,Chicken,lunch,107,102,27.0,overproduction,140,55,230
2026-07-10,Friday,Rice,breakfast,191,161,95.0,spoilage,98,57,365
2026-07-10,Friday,Rice,dinner,283,248,95.0,spoilage,98,57,773
2026-07-10,Friday,Rice,lunch,334,304,95.0,spoilage,98,57,889
2026-07-10,Friday,Spinach,breakfast,27,23,12.0,overproduction,53,57,52
2026-07-10,Friday,Spinach,dinner,48,45,12.0,overproduction,53,57,93
2026-07-10,Friday,Spinach,lunch,74,69,12.0,overproduction,53,57,203
2026-07-10,Friday,Vegetables,breakfast,53,46,25.0,overproduction,78,56,101
2026-07-10,Friday,Vegetables,dinner,138,129,25.0,overproduction,78,56,348
2026-07-10,Friday,Vegetables,lunch,136,127,25.0,overproduction,78,56,257
2026-07-11,Saturday,Bread,breakfast,33,30,16.0,damaged,63,55,74
2026-07-11,Saturday,Bread,dinner,52,46,16.0,damaged,63,55,108
2026-07-11,Saturday,Bread,lunch,76,69,16.0,damaged,63,55,146
2026-07-11,Saturday,Chicken,breakfast,69,61,31.0,preparation,140,54,134
2026-07-11,Saturday,Chicken,dinner,121,108,31.0,preparation,140,54,256
2026-07-11,Saturday,Chicken,lunch,149,139,31.0,preparation,140,54,345
2026-07-11,Saturday,Rice,breakfast,140,132,68.0,overproduction,98,56,270
2026-07-11,Saturday,Rice,dinner,312,295,68.0,overproduction,98,56,672
2026-07-11,Saturday,Rice,lunch,355,312,68.0,overproduction,98,56,670
2026-07-11,Saturday,Spinach,breakfast,30,27,11.0,spoilage,53,56,84
2026-07-11,Saturday,Spinach,dinner,3,3,11.0,spoilage,53,56,7
2026-07-11,Saturday,Spinach,lunch,51,43,11.0,spoilage,53,56,86
2026-07-11,Saturday,Vegetables,breakfast,64,61,24.0,damaged,78,55,200
2026-07-11,Saturday,Vegetables,dinner,81,69,24.0,damaged,78,55,208
2026-07-11,Saturday,Vegetables,lunch,117,108,24.0,damaged,78,55,240
2026-07-12,Sunday,Bread,breakfast,39,36,27.0,overproduction,63,54,81
2026-07-12,Sunday,Bread,dinner,100,86,27.0,overproduction,63,54,223
2026-07-12,Sunday,Bread,lunch,90,80,27.0,overproduction,63,54,183
2026-07-12,Sunday,Chicken,breakfast,103,92,50.0,overproduction,140,53,209
2026-07-12,Sunday,Chicken,dinner,179,157,50.0,overproduction,140,53,387
2026-07-12,Sunday,Chicken,lunch,205,188,50.0,overproduction,140,53,528
2026-07-12,Sunday,Rice,breakfast,268,232,102.0,damaged,98,55,726
2026-07-12,Sunday,Rice,dinner,377,338,102.0,damaged,98,55,687
2026-07-12,Sunday,Rice,lunch,459,432,102.0,damaged,98,55,1133
2026-07-12,Sunday,Spinach,breakfast,37,31,27.0,damaged,53,55,98
2026-07-12,Sunday,Spinach,dinner,93,78,27.0,damaged,53,55,165
2026-07-12,Sunday,Spinach,lunch,70,64,27.0,damaged,53,55,165
2026-07-12,Sunday,Vegetables,breakfast,77,70,41.0,damaged,78,54,202
2026-07-12,Sunday,Vegetables,dinner,140,125,41.0,damaged,78,54,347
2026-07-12,Sunday,Vegetables,lunch,154,135,41.0,damaged,78,54,409
2026-07-13,Monday,Bread,breakfast,35,33,19.0,overproduction,63,53,77
2026-07-13,Monday,Bread,dinner,80,75,19.0,overproduction,63,53,152
2026-07-13,Monday,Bread,lunch,103,91,19.0,overproduction,63,53,203
2026-07-13,Monday,Chicken,breakfast,121,101,70.0,overproduction,140,52,231
2026-07-13,Monday,Chicken,dinner,140,124,70.0,overproduction,140,52,257
2026-07-13,Monday,Chicken,lunch,215,181,70.0,overproduction,140,52,418
2026-07-13,Monday,Rice,breakfast,255,226,107.0,plate_waste,98,54,546
2026-07-13,Monday,Rice,dinner,371,330,107.0,plate_waste,98,54,850
2026-07-13,Monday,Rice,lunch,453,416,107.0,plate_waste,98,54,1104
2026-07-13,Monday,Spinach,breakfast,41,34,21.0,overproduction,53,54,103
2026-07-13,Monday,Spinach,dinner,42,38,21.0,overproduction,53,54,118
2026-07-13,Monday,Spinach,lunch,64,54,21.0,overproduction,53,54,165
2026-07-13,Monday,Vegetables,breakfast,86,77,51.0,plate_waste,78,53,226
2026-07-13,Monday,Vegetables,dinner,148,129,51.0,plate_waste,78,53,295
2026-07-13,Monday,Vegetables,lunch,220,197,51.0,plate_waste,78,53,516
2026-07-14,Tuesday,Bread,breakfast,51,45,31.0,preparation,63,52,149
2026-07-14,Tuesday,Bread,dinner,85,73,31.0,preparation,63,52,164
2026-07-14,Tuesday,Bread,lunch,103,90,31.0,preparation,63,52,264
2026-07-14,Tuesday,Chicken,breakfast,108,93,54.0,plate_waste,140,51,257
2026-07-14,Tuesday,Chicken,dinner,146,137,54.0,plate_waste,140,51,378
2026-07-14,Tuesday,Chicken,lunch,223,193,54.0,plate_waste,140,51,526
2026-07-14,Tuesday,Rice,breakfast,232,196,128.0,overproduction,98,53,583
2026-07-14,Tuesday,Rice,dinner,357,314,128.0,overproduction,98,53,773
2026-07-14,Tuesday,Rice,lunch,435,386,128.0,overproduction,98,53,910
2026-07-14,Tuesday,Spinach,breakfast,33,31,13.0,overproduction,53,53,68
2026-07-14,Tuesday,Spinach,dinner,63,57,13.0,overproduction,53,53,129
2026-07-14,Tuesday,Spinach,lunch,33,28,13.0,overproduction,53,53,67
2026-07-14,Tuesday,Vegetables,breakfast,114,96,44.0,plate_waste,78,52,209
2026-07-14,Tuesday,Vegetables,dinner,127,110,44.0,plate_waste,78,52,302
2026-07-14,Tuesday,Vegetables,lunch,186,177,44.0,plate_waste,78,52,441
2026-07-15,Wednesday,Bread,breakfast,50,45,33.0,spoilage,63,51,102
2026-07-15,Wednesday,Bread,dinner,88,78,33.0,spoilage,63,51,203
2026-07-15,Wednesday,Bread,lunch,112,94,33.0,spoilage,63,51,251
2026-07-15,Wednesday,Chicken,breakfast,99,93,34.0,overproduction,140,50,251
2026-07-15,Wednesday,Chicken,dinner,170,156,34.0,overproduction,140,50,419
2026-07-15,Wednesday,Chicken,lunch,202,188,34.0,overproduction,140,50,410
2026-07-15,Wednesday,Rice,breakfast,206,178,136.0,overproduction,98,52,370
2026-07-15,Wednesday,Rice,dinner,373,337,136.0,overproduction,98,52,889
2026-07-15,Wednesday,Rice,lunch,464,392,136.0,overproduction,98,52,936
2026-07-15,Wednesday,Spinach,breakfast,37,32,19.0,plate_waste,53,52,64
2026-07-15,Wednesday,Spinach,dinner,54,45,19.0,plate_waste,53,52,123
2026-07-15,Wednesday,Spinach,lunch,75,70,19.0,plate_waste,53,52,155
2026-07-15,Wednesday,Vegetables,breakfast,103,94,41.0,spoilage,78,51,242
2026-07-15,Wednesday,Vegetables,dinner,157,137,41.0,spoilage,78,51,295
2026-07-15,Wednesday,Vegetables,lunch,172,160,41.0,spoilage,78,51,331
2026-07-16,Thursday,Bread,breakfast,59,50,34.0,overproduction,63,50,104
2026-07-16,Thursday,Bread,dinner,95,85,34.0,overproduction,63,50,174
2026-07-16,Thursday,Bread,lunch,100,85,34.0,overproduction,63,50,250
2026-07-16,Thursday,Chicken,breakfast,90,75,46.0,overproduction,140,49,237
2026-07-16,Thursday,Chicken,dinner,152,140,46.0,overproduction,140,49,448
2026-07-16,Thursday,Chicken,lunch,196,177,46.0,overproduction,140,49,380
2026-07-16,Thursday,Rice,breakfast,238,209,147.0,overproduction,98,51,632
2026-07-16,Thursday,Rice,dinner,379,341,147.0,overproduction,98,51,696
2026-07-16,Thursday,Rice,lunch,500,420,147.0,overproduction,98,51,1264
2026-07-16,Thursday,Spinach,breakfast,40,34,21.0,damaged,53,51,93
2026-07-16,Thursday,Spinach,dinner,53,49,21.0,damaged,53,51,105
2026-07-16,Thursday,Spinach,lunch,92,81,21.0,damaged,53,51,210
2026-07-16,Thursday,Vegetables,breakfast,64,60,33.0,overproduction,78,50,144
2026-07-16,Thursday,Vegetables,dinner,136,122,33.0,overproduction,78,50,265
2026-07-16,Thursday,Vegetables,lunch,186,171,33.0,overproduction,78,50,381
2026-07-17,Friday,Bread,breakfast,47,42,26.0,plate_waste,63,49,133
2026-07-17,Friday,Bread,dinner,57,50,26.0,plate_waste,63,49,101
2026-07-17,Friday,Bread,lunch,95,81,26.0,plate_waste,63,49,186
2026-07-17,Friday,Chicken,breakfast,84,72,44.0,overproduction,140,48,237
2026-07-17,Friday,Chicken,dinner,105,90,44.0,overproduction,140,48,217
2026-07-17,Friday,Chicken,lunch,135,118,44.0,overproduction,140,48,262
2026-07-17,Friday,Rice,breakfast,171,144,119.0,overproduction,98,50,331
2026-07-17,Friday,Rice,dinner,271,242,119.0,overproduction,98,50,696
2026-07-17,Friday,Rice,lunch,381,318,119.0,overproduction,98,50,847
2026-07-17,Friday,Spinach,breakfast,19,18,14.0,overproduction,53,50,47
2026-07-17,Friday,Spinach,dinner,47,41,14.0,overproduction,53,50,95
2026-07-17,Friday,Spinach,lunch,49,42,14.0,overproduction,53,50,139
2026-07-17,Friday,Vegetables,breakfast,54,51,32.0,damaged,78,49,151
2026-07-17,Friday,Vegetables,dinner,81,71,32.0,damaged,78,49,150
2026-07-17,Friday,Vegetables,lunch,119,100,32.0,damaged,78,49,202
2026-07-18,Saturday,Bread,breakfast,32,30,18.0,overproduction,63,48,78
2026-07-18,Saturday,Bread,dinner,63,56,18.0,overproduction,63,48,117
2026-07-18,Saturday,Bread,lunch,93,84,18.0,overproduction,63,48,245
2026-07-18,Saturday,Chicken,breakfast,90,75,49.0,overproduction,140,47,203
2026-07-18,Saturday,Chicken,dinner,109,103,49.0,overproduction,140,47,257
2026-07-18,Saturday,Chicken,lunch,174,146,49.0,overproduction,140,47,342
2026-07-18,Saturday,Rice,breakfast,181,154,70.0,overproduction,98,49,321
2026-07-18,Saturday,Rice,dinner,244,225,70.0,overproduction,98,49,611
2026-07-18,Saturday,Rice,lunch,359,335,70.0,overproduction,98,49,955
2026-07-18,Saturday,Spinach,breakfast,35,33,19.0,overproduction,53,49,108
2026-07-18,Saturday,Spinach,dinner,65,55,19.0,overproduction,53,49,155
2026-07-18,Saturday,Spinach,lunch,50,43,19.0,overproduction,53,49,109
2026-07-18,Saturday,Vegetables,breakfast,79,67,36.0,plate_waste,78,48,201
2026-07-18,Saturday,Vegetables,dinner,110,93,36.0,plate_waste,78,48,227
2026-07-18,Saturday,Vegetables,lunch,106,99,36.0,plate_waste,78,48,253
2026-07-19,Sunday,Bread,breakfast,51,47,27.0,overproduction,63,47,106
2026-07-19,Sunday,Bread,dinner,81,72,27.0,overproduction,63,47,175
2026-07-19,Sunday,Bread,lunch,119,105,27.0,overproduction,63,47,226
2026-07-19,Sunday,Chicken,breakfast,103,93,35.0,overproduction,140,46,309
2026-07-19,Sunday,Chicken,dinner,141,133,35.0,overproduction,140,46,295
2026-07-19,Sunday,Chicken,lunch,190,173,35.0,overproduction,140,46,438
2026-07-19,Sunday,Rice,breakfast,232,205,151.0,damaged,98,48,503
2026-07-19,Sunday,Rice,dinner,389,332,151.0,damaged,98,48,808
2026-07-19,Sunday,Rice,lunch,510,443,151.0,damaged,98,48,903
2026-07-19,Sunday,Spinach,breakfast,31,26,20.0,overproduction,53,48,59
2026-07-19,Sunday,Spinach,dinner,34,32,20.0,overproduction,53,48,69
2026-07-19,Sunday,Spinach,lunch,82,69,20.0,overproduction,53,48,152
2026-07-19,Sunday,Vegetables,breakfast,76,69,50.0,damaged,78,47,156
2026-07-19,Sunday,Vegetables,dinner,135,113,50.0,damaged,78,47,349
2026-07-19,Sunday,Vegetables,lunch,186,165,50.0,damaged,78,47,387
2026-07-20,Monday,Bread,breakfast,72,54,18.0,plate_waste,63,46,108
2026-07-20,Monday,Bread,dinner,43,64,18.0,plate_waste,63,46,170
2026-07-20,Monday,Bread,lunch,54,79,18.0,plate_waste,63,46,231
2026-07-20,Monday,Chicken,breakfast,144,84,60.0,overproduction,140,45,201
2026-07-20,Monday,Chicken,dinner,86,144,60.0,overproduction,140,45,452
2026-07-20,Monday,Chicken,lunch,108,190,60.0,overproduction,140,45,383
2026-07-20,Monday,Rice,breakfast,344,220,352.0,plate_waste,98,47,459
2026-07-20,Monday,Rice,dinner,206,341,352.0,plate_waste,98,47,1047
2026-07-20,Monday,Rice,lunch,688,460,352.0,plate_waste,98,47,1431
2026-07-20,Monday,Spinach,breakfast,48,30,37.0,damaged,53,47,82
2026-07-20,Monday,Spinach,dinner,77,58,37.0,damaged,53,47,126
2026-07-20,Monday,Spinach,lunch,36,67,37.0,damaged,53,47,191
2026-07-20,Monday,Vegetables,breakfast,45,92,0.0,none,78,46,213
2026-07-20,Monday,Vegetables,dinner,72,117,0.0,none,78,46,373
2026-07-20,Monday,Vegetables,lunch,90,143,0.0,none,78,46,306
2026-07-21,Tuesday,Bread,breakfast,50,47,20.0,overproduction,63,45,101
2026-07-21,Tuesday,Bread,dinner,69,59,20.0,overproduction,63,45,128
2026-07-21,Tuesday,Bread,lunch,98,91,20.0,overproduction,63,45,196
2026-07-21,Tuesday,Chicken,breakfast,103,97,56.0,overproduction,140,44,227
2026-07-21,Tuesday,Chicken,dinner,165,145,56.0,overproduction,140,44,312
2026-07-21,Tuesday,Chicken,lunch,191,161,56.0,overproduction,140,44,460
2026-07-21,Tuesday,Rice,breakfast,248,217,181.0,spoilage,98,46,685
2026-07-21,Tuesday,Rice,dinner,428,361,181.0,spoilage,98,46,854
2026-07-21,Tuesday,Rice,lunch,504,421,181.0,spoilage,98,46,1051
2026-07-21,Tuesday,Spinach,breakfast,38,35,7.0,overproduction,53,46,71
2026-07-21,Tuesday,Spinach,dinner,23,21,7.0,overproduction,53,46,63
2026-07-21,Tuesday,Spinach,lunch,47,45,7.0,overproduction,53,46,144
2026-07-21,Tuesday,Vegetables,breakfast,75,67,40.0,overproduction,78,45,168
2026-07-21,Tuesday,Vegetables,dinner,139,127,40.0,overproduction,78,45,314
2026-07-21,Tuesday,Vegetables,lunch,183,163,40.0,overproduction,78,45,338
2026-07-22,Wednesday,Bread,breakfast,40,36,19.0,plate_waste,63,44,95
2026-07-22,Wednesday,Bread,dinner,74,69,19.0,plate_waste,63,44,173
2026-07-22,Wednesday,Bread,lunch,99,89,19.0,plate_waste,63,44,199
2026-07-22,Wednesday,Chicken,breakfast,102,93,51.0,spoilage,140,43,243
2026-07-22,Wednesday,Chicken,dinner,155,133,51.0,spoilage,140,43,440
2026-07-22,Wednesday,Chicken,lunch,191,171,51.0,spoilage,140,43,404
2026-07-22,Wednesday,Rice,breakfast,224,211,97.0,damaged,98,45,633
2026-07-22,Wednesday,Rice,dinner,405,364,97.0,damaged,98,45,1112
2026-07-22,Wednesday,Rice,lunch,437,394,97.0,damaged,98,45,820
2026-07-22,Wednesday,Spinach,breakfast,11,10,16.0,spoilage,53,45,26
2026-07-22,Wednesday,Spinach,dinner,47,41,16.0,spoilage,53,45,129
2026-07-22,Wednesday,Spinach,lunch,55,46,16.0,spoilage,53,45,121
2026-07-22,Wednesday,Vegetables,breakfast,65,59,30.0,overproduction,78,44,174
2026-07-22,Wednesday,Vegetables,dinner,122,114,30.0,overproduction,78,44,263
2026-07-22,Wednesday,Vegetables,lunch,156,140,30.0,overproduction,78,44,349
2026-07-23,Thursday,Bread,breakfast,53,47,25.0,overproduction,63,43,155
2026-07-23,Thursday,Bread,dinner,86,79,25.0,overproduction,63,43,199
2026-07-23,Thursday,Bread,lunch,108,96,25.0,overproduction,63,43,244
2026-07-23,Thursday,Chicken,breakfast,113,102,51.0,plate_waste,140,42,231
2026-07-23,Thursday,Chicken,dinner,180,156,51.0,plate_waste,140,42,416
2026-07-23,Thursday,Chicken,lunch,200,184,51.0,plate_waste,140,42,469
2026-07-23,Thursday,Rice,breakfast,235,208,120.0,plate_waste,98,44,536
2026-07-23,Thursday,Rice,dinner,382,337,120.0,plate_waste,98,44,1006
2026-07-23,Thursday,Rice,lunch,500,452,120.0,plate_waste,98,44,1040
2026-07-23,Thursday,Spinach,breakfast,23,21,14.0,overproduction,53,44,53
2026-07-23,Thursday,Spinach,dinner,74,69,14.0,overproduction,53,44,191
2026-07-23,Thursday,Spinach,lunch,62,55,14.0,overproduction,53,44,150
2026-07-23,Thursday,Vegetables,breakfast,99,83,45.0,plate_waste,78,43,170
2026-07-23,Thursday,Vegetables,dinner,145,124,45.0,plate_waste,78,43,267
2026-07-23,Thursday,Vegetables,lunch,158,150,45.0,plate_waste,78,43,476
2026-07-24,Friday,Bread,breakfast,41,38,19.0,damaged,63,42,78
2026-07-24,Friday,Bread,dinner,59,53,19.0,damaged,63,42,118
2026-07-24,Friday,Bread,lunch,66,56,19.0,damaged,63,42,155
2026-07-24,Friday,Chicken,breakfast,68,59,46.0,overproduction,140,41,176
2026-07-24,Friday,Chicken,dinner,118,103,46.0,overproduction,140,41,247
2026-07-24,Friday,Chicken,lunch,153,131,46.0,overproduction,140,41,321
2026-07-24,Friday,Rice,breakfast,149,141,69.0,overproduction,98,43,319
2026-07-24,Friday,Rice,dinner,262,236,69.0,overproduction,98,43,540
2026-07-24,Friday,Rice,lunch,332,297,69.0,overproduction,98,43,844
2026-07-24,Friday,Spinach,breakfast,15,13,8.0,damaged,53,43,29
2026-07-24,Friday,Spinach,dinner,38,35,8.0,damaged,53,43,104
2026-07-24,Friday,Spinach,lunch,38,35,8.0,damaged,53,43,72
2026-07-24,Friday,Vegetables,breakfast,67,60,28.0,overproduction,78,42,186
2026-07-24,Friday,Vegetables,dinner,89,84,28.0,overproduction,78,42,177
2026-07-24,Friday,Vegetables,lunch,104,88,28.0,overproduction,78,42,266
2026-07-25,Saturday,Bread,breakfast,28,25,14.0,overproduction,63,41,62
2026-07-25,Saturday,Bread,dinner,59,52,14.0,overproduction,63,41,145
2026-07-25,Saturday,Bread,lunch,70,66,14.0,overproduction,63,41,140
2026-07-25,Saturday,Chicken,breakfast,66,58,27.0,overproduction,140,40,124
2026-07-25,Saturday,Chicken,dinner,103,92,27.0,overproduction,140,40,224
2026-07-25,Saturday,Chicken,lunch,119,111,27.0,overproduction,140,40,240
2026-07-25,Saturday,Rice,breakfast,157,147,75.0,overproduction,98,42,435
2026-07-25,Saturday,Rice,dinner,249,233,75.0,overproduction,98,42,697
2026-07-25,Saturday,Rice,lunch,333,284,75.0,overproduction,98,42,906
2026-07-25,Saturday,Spinach,breakfast,23,20,10.0,overproduction,53,42,48
2026-07-25,Saturday,Spinach,dinner,23,21,10.0,overproduction,53,42,62
2026-07-25,Saturday,Spinach,lunch,39,34,10.0,overproduction,53,42,85
2026-07-25,Saturday,Vegetables,breakfast,80,67,40.0,spoilage,78,41,137
2026-07-25,Saturday,Vegetables,dinner,85,73,40.0,spoilage,78,41,163
2026-07-25,Saturday,Vegetables,lunch,105,90,40.0,spoilage,78,41,277
2026-07-26,Sunday,Bread,breakfast,46,41,30.0,spoilage,63,40,96
2026-07-26,Sunday,Bread,dinner,74,65,30.0,spoilage,63,40,189
2026-07-26,Sunday,Bread,lunch,101,85,30.0,spoilage,63,40,179
2026-07-26,Sunday,Chicken,breakfast,94,88,65.0,damaged,140,39,244
2026-07-26,Sunday,Chicken,dinner,177,153,65.0,damaged,140,39,508
2026-07-26,Sunday,Chicken,lunch,230,195,65.0,damaged,140,39,391
2026-07-26,Sunday,Rice,breakfast,228,197,108.0,plate_waste,98,41,485
2026-07-26,Sunday,Rice,dinner,373,335,108.0,plate_waste,98,41,813
2026-07-26,Sunday,Rice,lunch,454,415,108.0,plate_waste,98,41,865
2026-07-26,Sunday,Spinach,breakfast,41,38,17.0,spoilage,53,41,125
2026-07-26,Sunday,Spinach,dinner,45,39,17.0,spoilage,53,41,82
2026-07-26,Sunday,Spinach,lunch,69,61,17.0,spoilage,53,41,159
2026-07-26,Sunday,Vegetables,breakfast,81,72,46.0,overproduction,78,40,234
2026-07-26,Sunday,Vegetables,dinner,178,157,46.0,overproduction,78,40,489
2026-07-26,Sunday,Vegetables,lunch,140,124,46.0,overproduction,78,40,405
2026-07-27,Monday,Bread,breakfast,56,49,30.0,overproduction,63,39,161
2026-07-27,Monday,Bread,dinner,70,62,30.0,overproduction,63,39,181
2026-07-27,Monday,Bread,lunch,97,82,30.0,overproduction,63,39,169
2026-07-27,Monday,Chicken,breakfast,105,88,62.0,overproduction,140,38,176
2026-07-27,Monday,Chicken,dinner,201,168,62.0,overproduction,140,38,522
2026-07-27,Monday,Chicken,lunch,159,147,62.0,overproduction,140,38,389
2026-07-27,Monday,Rice,breakfast,249,227,115.0,plate_waste,98,40,471
2026-07-27,Monday,Rice,dinner,390,328,115.0,plate_waste,98,40,750
2026-07-27,Monday,Rice,lunch,412,381,115.0,plate_waste,98,40,763
2026-07-27,Monday,Spinach,breakfast,38,34,10.0,damaged,53,40,82
2026-07-27,Monday,Spinach,dinner,40,37,10.0,damaged,53,40,122
2026-07-27,Monday,Spinach,lunch,53,50,10.0,damaged,53,40,112
2026-07-27,Monday,Vegetables,breakfast,110,97,51.0,damaged,78,39,269
2026-07-27,Monday,Vegetables,dinner,156,146,51.0,damaged,78,39,357
2026-07-27,Monday,Vegetables,lunch,168,140,51.0,damaged,78,39,326
2026-07-28,Tuesday,Bread,breakfast,57,52,23.0,plate_waste,63,38,137
2026-07-28,Tuesday,Bread,dinner,62,55,23.0,plate_waste,63,38,173
2026-07-28,Tuesday,Bread,lunch,119,108,23.0,plate_waste,63,38,217
2026-07-28,Tuesday,Chicken,breakfast,112,99,54.0,plate_waste,140,37,224
2026-07-28,Tuesday,Chicken,dinner,173,149,54.0,plate_waste,140,37,322
2026-07-28,Tuesday,Chicken,lunch,222,205,54.0,plate_waste,140,37,412
2026-07-28,Tuesday,Rice,breakfast,223,205,120.0,plate_waste,98,39,573
2026-07-28,Tuesday,Rice,dinner,378,342,120.0,plate_waste,98,39,883
2026-07-28,Tuesday,Rice,lunch,505,439,120.0,plate_waste,98,39,984
2026-07-28,Tuesday,Spinach,breakfast,30,28,18.0,spoilage,53,39,67
2026-07-28,Tuesday,Spinach,dinner,73,65,18.0,spoilage,53,39,195
2026-07-28,Tuesday,Spinach,lunch,70,62,18.0,spoilage,53,39,168
2026-07-28,Tuesday,Vegetables,breakfast,87,79,36.0,spoilage,78,38,211
2026-07-28,Tuesday,Vegetables,dinner,140,121,36.0,spoilage,78,38,377
2026-07-28,Tuesday,Vegetables,lunch,160,151,36.0,spoilage,78,38,338
2026-07-29,Wednesday,Bread,breakfast,38,34,25.0,overproduction,63,37,76
2026-07-29,Wednesday,Bread,dinner,89,75,25.0,overproduction,63,37,161
2026-07-29,Wednesday,Bread,lunch,105,98,25.0,overproduction,63,37,264
2026-07-29,Wednesday,Chicken,breakfast,117,104,56.0,damaged,140,36,211
2026-07-29,Wednesday,Chicken,dinner,155,144,56.0,damaged,140,36,469
2026-07-29,Wednesday,Chicken,lunch,213,181,56.0,damaged,140,36,459
2026-07-29,Wednesday,Rice,breakfast,238,218,76.0,overproduction,98,38,707
2026-07-29,Wednesday,Rice,dinner,332,305,76.0,overproduction,98,38,776
2026-07-29,Wednesday,Rice,lunch,480,451,76.0,overproduction,98,38,1226
2026-07-29,Wednesday,Spinach,breakfast,32,27,15.0,overproduction,53,38,72
2026-07-29,Wednesday,Spinach,dinner,45,39,15.0,overproduction,53,38,88
2026-07-29,Wednesday,Spinach,lunch,53,49,15.0,overproduction,53,38,102
2026-07-29,Wednesday,Vegetables,breakfast,98,88,46.0,preparation,78,37,224
2026-07-29,Wednesday,Vegetables,dinner,154,132,46.0,preparation,78,37,265
2026-07-29,Wednesday,Vegetables,lunch,143,129,46.0,preparation,78,37,320
2026-07-30,Thursday,Bread,breakfast,38,35,34.0,overproduction,63,36,75
2026-07-30,Thursday,Bread,dinner,80,67,34.0,overproduction,63,36,151
2026-07-30,Thursday,Bread,lunch,129,111,34.0,overproduction,63,36,265
2026-07-30,Thursday,Chicken,breakfast,99,84,55.0,overproduction,140,35,188
2026-07-30,Thursday,Chicken,dinner,131,122,55.0,overproduction,140,35,268
2026-07-30,Thursday,Chicken,lunch,226,195,55.0,overproduction,140,35,445
2026-07-30,Thursday,Rice,breakfast,229,213,130.0,overproduction,98,37,456
2026-07-30,Thursday,Rice,dinner,383,329,130.0,overproduction,98,37,839
2026-07-30,Thursday,Rice,lunch,500,440,130.0,overproduction,98,37,1227
2026-07-30,Thursday,Spinach,breakfast,36,31,15.0,overproduction,53,37,80
2026-07-30,Thursday,Spinach,dinner,61,57,15.0,overproduction,53,37,122
2026-07-30,Thursday,Spinach,lunch,75,69,15.0,overproduction,53,37,141
2026-07-30,Thursday,Vegetables,breakfast,73,68,36.0,overproduction,78,36,196
2026-07-30,Thursday,Vegetables,dinner,129,114,36.0,overproduction,78,36,249
2026-07-30,Thursday,Vegetables,lunch,136,120,36.0,overproduction,78,36,245
2026-07-31,Friday,Bread,breakfast,28,24,30.0,overproduction,63,35,48
2026-07-31,Friday,Bread,dinner,95,79,30.0,overproduction,63,35,205
2026-07-31,Friday,Bread,lunch,73,63,30.0,overproduction,63,35,151
2026-07-31,Friday,Chicken,breakfast,73,64,42.0,damaged,140,34,130
2026-07-31,Friday,Chicken,dinner,114,103,42.0,damaged,140,34,228
2026-07-31,Friday,Chicken,lunch,177,155,42.0,damaged,140,34,318
2026-07-31,Friday,Rice,breakfast,165,149,87.0,damaged,98,36,358
2026-07-31,Friday,Rice,dinner,245,229,87.0,damaged,98,36,727
2026-07-31,Friday,Rice,lunch,336,281,87.0,damaged,98,36,728
2026-07-31,Friday,Spinach,breakfast,0,0,20.0,plate_waste,53,36,0
2026-07-31,Friday,Spinach,dinner,80,72,20.0,plate_waste,53,36,227
2026-07-31,Friday,Spinach,lunch,70,58,20.0,plate_waste,53,36,144
2026-07-31,Friday,Vegetables,breakfast,64,57,42.0,overproduction,78,35,174
2026-07-31,Friday,Vegetables,dinner,104,88,42.0,overproduction,78,35,212
2026-07-31,Friday,Vegetables,lunch,141,122,42.0,overproduction,78,35,322
2026-08-01,Saturday,Bread,breakfast,34,31,24.0,plate_waste,63,34,102
2026-08-01,Saturday,Bread,dinner,61,52,24.0,plate_waste,63,34,115
2026-08-01,Saturday,Bread,lunch,82,70,24.0,plate_waste,63,34,142
2026-08-01,Saturday,Chicken,breakfast,81,68,52.0,overproduction,140,33,139
2026-08-01,Saturday,Chicken,dinner,108,92,52.0,overproduction,140,33,272
2026-08-01,Saturday,Chicken,lunch,161,138,52.0,overproduction,140,33,376
2026-08-01,Saturday,Rice,breakfast,154,141,72.0,overproduction,98,35,323
2026-08-01,Saturday,Rice,dinner,238,225,72.0,overproduction,98,35,578
2026-08-01,Saturday,Rice,lunch,362,316,72.0,overproduction,98,35,851
2026-08-01,Saturday,Spinach,breakfast,18,16,5.0,overproduction,53,35,50
2026-08-01,Saturday,Spinach,dinner,16,15,5.0,overproduction,53,35,36
2026-08-01,Saturday,Spinach,lunch,15,13,5.0,overproduction,53,35,30
2026-08-01,Saturday,Vegetables,breakfast,48,42,17.0,overproduction,78,34,108
2026-08-01,Saturday,Vegetables,dinner,108,101,17.0,overproduction,78,34,242
2026-08-01,Saturday,Vegetables,lunch,77,73,17.0,overproduction,78,34,230
2026-08-02,Sunday,Bread,breakfast,41,36,22.0,plate_waste,63,33,89
2026-08-02,Sunday,Bread,dinner,73,69,22.0,plate_waste,63,33,138
2026-08-02,Sunday,Bread,lunch,118,105,22.0,plate_waste,63,33,335
2026-08-02,Sunday,Chicken,breakfast,102,92,43.0,overproduction,140,32,222
2026-08-02,Sunday,Chicken,dinner,148,126,43.0,overproduction,140,32,367
2026-08-02,Sunday,Chicken,lunch,178,167,43.0,overproduction,140,32,362
2026-08-02,Sunday,Rice,breakfast,231,219,148.0,damaged,98,34,490
2026-08-02,Sunday,Rice,dinner,387,331,148.0,damaged,98,34,827
2026-08-02,Sunday,Rice,lunch,506,426,148.0,damaged,98,34,1420
2026-08-02,Sunday,Spinach,breakfast,20,18,14.0,overproduction,53,34,43
2026-08-02,Sunday,Spinach,dinner,61,58,14.0,overproduction,53,34,122
2026-08-02,Sunday,Spinach,lunch,97,88,14.0,overproduction,53,34,201
2026-08-02,Sunday,Vegetables,breakfast,112,95,63.0,overproduction,78,33,258
2026-08-02,Sunday,Vegetables,dinner,116,101,63.0,overproduction,78,33,288
2026-08-02,Sunday,Vegetables,lunch,212,181,63.0,overproduction,78,33,415
2026-08-03,Monday,Bread,breakfast,45,40,28.0,overproduction,63,32,128
2026-08-03,Monday,Bread,dinner,62,55,28.0,overproduction,63,32,139
2026-08-03,Monday,Bread,lunch,116,100,28.0,overproduction,63,32,290
2026-08-03,Monday,Chicken,breakfast,95,88,52.0,damaged,140,31,291
2026-08-03,Monday,Chicken,dinner,160,146,52.0,damaged,140,31,438
2026-08-03,Monday,Chicken,lunch,202,171,52.0,damaged,140,31,372
2026-08-03,Monday,Rice,breakfast,228,205,89.0,overproduction,98,33,563
2026-08-03,Monday,Rice,dinner,362,344,89.0,overproduction,98,33,1138
2026-08-03,Monday,Rice,lunch,500,452,89.0,overproduction,98,33,1245
2026-08-03,Monday,Spinach,breakfast,50,45,23.0,damaged,53,33,102
2026-08-03,Monday,Spinach,dinner,46,39,23.0,damaged,53,33,119
2026-08-03,Monday,Spinach,lunch,82,71,23.0,damaged,53,33,223
2026-08-03,Monday,Vegetables,breakfast,90,83,40.0,damaged,78,32,216
2026-08-03,Monday,Vegetables,dinner,125,117,40.0,damaged,78,32,373
2026-08-03,Monday,Vegetables,lunch,193,168,40.0,damaged,78,32,390
2026-08-04,Tuesday,Bread,breakfast,48,43,27.0,damaged,63,31,91
2026-08-04,Tuesday,Bread,dinner,81,68,27.0,damaged,63,31,164
2026-08-04,Tuesday,Bread,lunch,85,76,27.0,damaged,63,31,213
2026-08-04,Tuesday,Chicken,breakfast,99,91,55.0,spoilage,140,30,282
2026-08-04,Tuesday,Chicken,dinner,156,139,55.0,spoilage,140,30,414
2026-08-04,Tuesday,Chicken,lunch,215,185,55.0,spoilage,140,30,582
2026-08-04,Tuesday,Rice,breakfast,275,234,106.0,overproduction,98,32,779
2026-08-04,Tuesday,Rice,dinner,379,361,106.0,overproduction,98,32,1018
2026-08-04,Tuesday,Rice,lunch,495,448,106.0,overproduction,98,32,1015
2026-08-04,Tuesday,Spinach,breakfast,30,27,13.0,plate_waste,53,32,69
2026-08-04,Tuesday,Spinach,dinner,46,43,13.0,plate_waste,53,32,97
2026-08-04,Tuesday,Spinach,lunch,48,41,13.0,plate_waste,53,32,130
2026-08-04,Tuesday,Vegetables,breakfast,104,89,64.0,overproduction,78,31,226
2026-08-04,Tuesday,Vegetables,dinner,166,139,64.0,overproduction,78,31,327
2026-08-04,Tuesday,Vegetables,lunch,170,148,64.0,overproduction,78,31,391
2026-08-05,Wednesday,Bread,breakfast,44,39,25.0,damaged,63,30,90
2026-08-05,Wednesday,Bread,dinner,98,87,25.0,damaged,63,30,174
2026-08-05,Wednesday,Bread,lunch,97,88,25.0,damaged,63,30,207
2026-08-05,Wednesday,Chicken,breakfast,116,100,59.0,plate_waste,140,29,292
2026-08-05,Wednesday,Chicken,dinner,204,181,59.0,plate_waste,140,29,512
2026-08-05,Wednesday,Chicken,lunch,218,198,59.0,plate_waste,140,29,563
2026-08-05,Wednesday,Rice,breakfast,249,217,108.0,spoilage,98,31,714
2026-08-05,Wednesday,Rice,dinner,388,349,108.0,spoilage,98,31,852
2026-08-05,Wednesday,Rice,lunch,446,409,108.0,spoilage,98,31,1286
2026-08-05,Wednesday,Spinach,breakfast,39,34,22.0,overproduction,53,31,73
2026-08-05,Wednesday,Spinach,dinner,71,62,22.0,overproduction,53,31,197
2026-08-05,Wednesday,Spinach,lunch,79,71,22.0,overproduction,53,31,189
2026-08-05,Wednesday,Vegetables,breakfast,76,67,55.0,overproduction,78,30,174
2026-08-05,Wednesday,Vegetables,dinner,140,123,55.0,overproduction,78,30,250
2026-08-05,Wednesday,Vegetables,lunch,197,168,55.0,overproduction,78,30,449
2026-08-06,Thursday,Bread,breakfast,44,39,19.0,overproduction,63,29,115
2026-08-06,Thursday,Bread,dinner,71,66,19.0,overproduction,63,29,145
2026-08-06,Thursday,Bread,lunch,113,104,19.0,overproduction,63,29,211
2026-08-06,Thursday,Chicken,breakfast,90,84,25.0,damaged,140,28,193
2026-08-06,Thursday,Chicken,dinner,136,127,25.0,damaged,140,28,336
2026-08-06,Thursday,Chicken,lunch,196,186,25.0,damaged,140,28,531
2026-08-06,Thursday,Rice,breakfast,256,219,98.0,overproduction,98,30,472
2026-08-06,Thursday,Rice,dinner,366,329,98.0,overproduction,98,30,1005
2026-08-06,Thursday,Rice,lunch,500,476,98.0,overproduction,98,30,1010
2026-08-06,Thursday,Spinach,breakfast,22,19,18.0,overproduction,53,30,61
2026-08-06,Thursday,Spinach,dinner,40,37,18.0,overproduction,53,30,88
2026-08-06,Thursday,Spinach,lunch,90,78,18.0,overproduction,53,30,163
2026-08-06,Thursday,Vegetables,breakfast,93,87,30.0,overproduction,78,29,216
2026-08-06,Thursday,Vegetables,dinner,121,114,30.0,overproduction,78,29,371
2026-08-06,Thursday,Vegetables,lunch,184,167,30.0,overproduction,78,29,462
2026-08-07,Friday,Bread,breakfast,32,29,14.0,plate_waste,63,28,66
2026-08-07,Friday,Bread,dinner,46,44,14.0,plate_waste,63,28,102
2026-08-07,Friday,Bread,lunch,84,75,14.0,plate_waste,63,28,207
2026-08-07,Friday,Chicken,breakfast,67,60,24.0,damaged,140,27,191
2026-08-07,Friday,Chicken,dinner,106,96,24.0,damaged,140,27,302
2026-08-07,Friday,Chicken,lunch,126,119,24.0,damaged,140,27,335
2026-08-07,Friday,Rice,breakfast,175,159,80.0,overproduction,98,29,410
2026-08-07,Friday,Rice,dinner,275,246,80.0,overproduction,98,29,657
2026-08-07,Friday,Rice,lunch,326,291,80.0,overproduction,98,29,692
2026-08-07,Friday,Spinach,breakfast,15,13,8.0,overproduction,53,29,32
2026-08-07,Friday,Spinach,dinner,46,41,8.0,overproduction,53,29,84
2026-08-07,Friday,Spinach,lunch,10,9,8.0,overproduction,53,29,24
2026-08-07,Friday,Vegetables,breakfast,55,51,34.0,overproduction,78,28,131
2026-08-07,Friday,Vegetables,dinner,79,67,34.0,overproduction,78,28,156
2026-08-07,Friday,Vegetables,lunch,118,100,34.0,overproduction,78,28,272
2026-08-08,Saturday,Bread,breakfast,49,41,31.0,damaged,63,27,123
2026-08-08,Saturday,Bread,dinner,57,49,31.0,damaged,63,27,149
2026-08-08,Saturday,Bread,lunch,98,83,31.0,damaged,63,27,261
2026-08-08,Saturday,Chicken,breakfast,78,74,28.0,spoilage,140,26,221
2026-08-08,Saturday,Chicken,dinner,110,104,28.0,spoilage,140,26,333
2026-08-08,Saturday,Chicken,lunch,153,135,28.0,spoilage,140,26,449
2026-08-08,Saturday,Rice,breakfast,182,160,113.0,overproduction,98,28,344
2026-08-08,Saturday,Rice,dinner,270,234,113.0,overproduction,98,28,592
2026-08-08,Saturday,Rice,lunch,353,298,113.0,overproduction,98,28,819
2026-08-08,Saturday,Spinach,breakfast,22,18,12.0,overproduction,53,28,42
2026-08-08,Saturday,Spinach,dinner,34,31,12.0,overproduction,53,28,65
2026-08-08,Saturday,Spinach,lunch,57,52,12.0,overproduction,53,28,148
2026-08-08,Saturday,Vegetables,breakfast,52,47,27.0,spoilage,78,27,99
2026-08-08,Saturday,Vegetables,dinner,95,86,27.0,spoilage,78,27,252
2026-08-08,Saturday,Vegetables,lunch,90,77,27.0,spoilage,78,27,214
2026-08-09,Sunday,Bread,breakfast,43,41,13.0,overproduction,63,26,103
2026-08-09,Sunday,Bread,dinner,85,80,13.0,overproduction,63,26,186
2026-08-09,Sunday,Bread,lunch,98,92,13.0,overproduction,63,26,222
2026-08-09,Sunday,Chicken,breakfast,110,98,52.0,overproduction,140,25,198
2026-08-09,Sunday,Chicken,dinner,151,130,52.0,overproduction,140,25,262
2026-08-09,Sunday,Chicken,lunch,195,176,52.0,overproduction,140,25,429
2026-08-09,Sunday,Rice,breakfast,260,239,137.0,damaged,98,27,501
2026-08-09,Sunday,Rice,dinner,395,356,137.0,damaged,98,27,919
2026-08-09,Sunday,Rice,lunch,539,462,137.0,damaged,98,27,1262
2026-08-09,Sunday,Spinach,breakfast,9,8,16.0,damaged,53,27,18
2026-08-09,Sunday,Spinach,dinner,51,46,16.0,damaged,53,27,128
2026-08-09,Sunday,Spinach,lunch,71,61,16.0,damaged,53,27,186
2026-08-09,Sunday,Vegetables,breakfast,84,74,41.0,spoilage,78,26,159
2026-08-09,Sunday,Vegetables,dinner,135,122,41.0,spoilage,78,26,309
2026-08-09,Sunday,Vegetables,lunch,186,168,41.0,spoilage,78,26,487
2026-08-10,Monday,Bread,breakfast,55,51,25.0,overproduction,63,25,156
2026-08-10,Monday,Bread,dinner,78,74,25.0,overproduction,63,25,189
2026-08-10,Monday,Bread,lunch,113,96,25.0,overproduction,63,25,278
2026-08-10,Monday,Chicken,breakfast,101,90,30.0,damaged,140,24,241
2026-08-10,Monday,Chicken,dinner,175,164,30.0,damaged,140,24,393
2026-08-10,Monday,Chicken,lunch,159,151,30.0,damaged,140,24,332
2026-08-10,Monday,Rice,breakfast,255,231,124.0,overproduction,98,26,483
2026-08-10,Monday,Rice,dinner,370,345,124.0,overproduction,98,26,1033
2026-08-10,Monday,Rice,lunch,525,450,124.0,overproduction,98,26,1127
2026-08-10,Monday,Spinach,breakfast,27,26,13.0,overproduction,53,26,54
2026-08-10,Monday,Spinach,dinner,61,54,13.0,overproduction,53,26,140
2026-08-10,Monday,Spinach,lunch,77,72,13.0,overproduction,53,26,168
2026-08-10,Monday,Vegetables,breakfast,83,70,43.0,overproduction,78,25,153
2026-08-10,Monday,Vegetables,dinner,134,122,43.0,overproduction,78,25,288
2026-08-10,Monday,Vegetables,lunch,141,123,43.0,overproduction,78,25,264
2026-08-11,Tuesday,Bread,breakfast,46,43,18.0,overproduction,63,24,106
2026-08-11,Tuesday,Bread,dinner,74,70,18.0,overproduction,63,24,165
2026-08-11,Tuesday,Bread,lunch,103,92,18.0,overproduction,63,24,245
2026-08-11,Tuesday,Chicken,breakfast,88,84,51.0,overproduction,140,23,202
2026-08-11,Tuesday,Chicken,dinner,169,145,51.0,overproduction,140,23,318
2026-08-11,Tuesday,Chicken,lunch,206,183,51.0,overproduction,140,23,583
2026-08-11,Tuesday,Rice,breakfast,232,212,78.0,overproduction,98,25,491
2026-08-11,Tuesday,Rice,dinner,361,341,78.0,overproduction,98,25,1106
2026-08-11,Tuesday,Rice,lunch,490,452,78.0,overproduction,98,25,1226
2026-08-11,Tuesday,Spinach,breakfast,37,32,18.0,overproduction,53,25,92
2026-08-11,Tuesday,Spinach,dinner,64,59,18.0,overproduction,53,25,155
2026-08-11,Tuesday,Spinach,lunch,65,57,18.0,overproduction,53,25,146
2026-08-11,Tuesday,Vegetables,breakfast,89,78,53.0,damaged,78,24,158
2026-08-11,Tuesday,Vegetables,dinner,147,133,53.0,damaged,78,24,275
2026-08-11,Tuesday,Vegetables,lunch,169,141,53.0,damaged,78,24,292
2026-08-12,Wednesday,Bread,breakfast,60,52,28.0,overproduction,63,23,111
2026-08-12,Wednesday,Bread,dinner,92,81,28.0,overproduction,63,23,228
2026-08-12,Wednesday,Bread,lunch,99,90,28.0,overproduction,63,23,274
2026-08-12,Wednesday,Chicken,breakfast,103,88,54.0,overproduction,140,22,188
2026-08-12,Wednesday,Chicken,dinner,175,146,54.0,overproduction,140,22,330
2026-08-12,Wednesday,Chicken,lunch,191,181,54.0,overproduction,140,22,526
2026-08-12,Wednesday,Rice,breakfast,250,214,119.0,damaged,98,24,511
2026-08-12,Wednesday,Rice,dinner,411,358,119.0,damaged,98,24,1130
2026-08-12,Wednesday,Rice,lunch,498,468,119.0,damaged,98,24,1289
2026-08-12,Wednesday,Spinach,breakfast,39,34,26.0,spoilage,53,24,80
2026-08-12,Wednesday,Spinach,dinner,64,55,26.0,spoilage,53,24,143
2026-08-12,Wednesday,Spinach,lunch,92,80,26.0,spoilage,53,24,239
2026-08-12,Wednesday,Vegetables,breakfast,81,75,47.0,overproduction,78,23,157
2026-08-12,Wednesday,Vegetables,dinner,123,103,47.0,overproduction,78,23,248
2026-08-12,Wednesday,Vegetables,lunch,215,194,47.0,overproduction,78,23,644
2026-08-13,Thursday,Bread,breakfast,66,56,27.0,plate_waste,63,22,127
2026-08-13,Thursday,Bread,dinner,90,81,27.0,plate_waste,63,22,177
2026-08-13,Thursday,Bread,lunch,73,65,27.0,plate_waste,63,22,178
2026-08-13,Thursday,Chicken,breakfast,105,95,37.0,overproduction,140,21,305
2026-08-13,Thursday,Chicken,dinner,178,165,37.0,overproduction,140,21,358
2026-08-13,Thursday,Chicken,lunch,223,209,37.0,overproduction,140,21,572
2026-08-13,Thursday,Rice,breakfast,228,213,102.0,overproduction,98,23,497
2026-08-13,Thursday,Rice,dinner,384,355,102.0,overproduction,98,23,996
2026-08-13,Thursday,Rice,lunch,500,442,102.0,overproduction,98,23,1129
2026-08-13,Thursday,Spinach,breakfast,22,20,16.0,spoilage,53,23,56
2026-08-13,Thursday,Spinach,dinner,47,44,16.0,spoilage,53,23,110
2026-08-13,Thursday,Spinach,lunch,87,76,16.0,spoilage,53,23,171
2026-08-13,Thursday,Vegetables,breakfast,83,72,44.0,overproduction,78,22,213
2026-08-13,Thursday,Vegetables,dinner,136,117,44.0,overproduction,78,22,388
2026-08-13,Thursday,Vegetables,lunch,194,180,44.0,overproduction,78,22,384
2026-08-14,Friday,Bread,breakfast,28,24,21.0,plate_waste,63,21,49
2026-08-14,Friday,Bread,dinner,68,60,21.0,plate_waste,63,21,138
2026-08-14,Friday,Bread,lunch,69,60,21.0,plate_waste,63,21,184
2026-08-14,Friday,Chicken,breakfast,88,75,48.0,overproduction,140,20,231
2026-08-14,Friday,Chicken,dinner,126,106,48.0,overproduction,140,20,272
2026-08-14,Friday,Chicken,lunch,136,121,48.0,overproduction,140,20,248
2026-08-14,Friday,Rice,breakfast,201,168,119.0,overproduction,98,22,388
2026-08-14,Friday,Rice,dinner,307,267,119.0,overproduction,98,22,799
2026-08-14,Friday,Rice,lunch,350,304,119.0,overproduction,98,22,745
2026-08-14,Friday,Spinach,breakfast,25,22,12.0,overproduction,53,22,45
2026-08-14,Friday,Spinach,dinner,41,38,12.0,overproduction,53,22,81
2026-08-14,Friday,Spinach,lunch,41,35,12.0,overproduction,53,22,74
2026-08-14,Friday,Vegetables,breakfast,55,47,29.0,overproduction,78,21,134
2026-08-14,Friday,Vegetables,dinner,88,79,29.0,overproduction,78,21,159
2026-08-14,Friday,Vegetables,lunch,137,125,29.0,overproduction,78,21,373
2026-08-15,Saturday,Bread,breakfast,42,38,15.0,overproduction,63,20,118
2026-08-15,Saturday,Bread,dinner,58,53,15.0,overproduction,63,20,111
2026-08-15,Saturday,Bread,lunch,58,52,15.0,overproduction,63,20,109
2026-08-15,Saturday,Chicken,breakfast,60,56,29.0,overproduction,140,19,122
2026-08-15,Saturday,Chicken,dinner,100,87,29.0,overproduction,140,19,194
2026-08-15,Saturday,Chicken,lunch,116,104,29.0,overproduction,140,19,222
2026-08-15,Saturday,Rice,breakfast,158,145,68.0,spoilage,98,21,336
2026-08-15,Saturday,Rice,dinner,269,243,68.0,spoilage,98,21,746
2026-08-15,Saturday,Rice,lunch,281,252,68.0,spoilage,98,21,753
2026-08-15,Saturday,Spinach,breakfast,13,12,13.0,plate_waste,53,21,27
2026-08-15,Saturday,Spinach,dinner,46,41,13.0,plate_waste,53,21,84
2026-08-15,Saturday,Spinach,lunch,67,60,13.0,plate_waste,53,21,187
2026-08-15,Saturday,Vegetables,breakfast,39,36,33.0,spoilage,78,20,78
2026-08-15,Saturday,Vegetables,dinner,110,100,33.0,spoilage,78,20,285
2026-08-15,Saturday,Vegetables,lunch,134,114,33.0,spoilage,78,20,362
2026-08-16,Sunday,Bread,breakfast,52,46,25.0,overproduction,63,19,103
2026-08-16,Sunday,Bread,dinner,78,68,25.0,overproduction,63,19,190
2026-08-16,Sunday,Bread,lunch,98,89,25.0,overproduction,63,19,262
2026-08-16,Sunday,Chicken,breakfast,123,103,82.0,plate_waste,140,18,284
2026-08-16,Sunday,Chicken,dinner,194,162,82.0,plate_waste,140,18,350
2026-08-16,Sunday,Chicken,lunch,224,194,82.0,plate_waste,140,18,444
2026-08-16,Sunday,Rice,breakfast,244,208,147.0,overproduction,98,20,489
2026-08-16,Sunday,Rice,dinner,433,387,147.0,overproduction,98,20,1150
2026-08-16,Sunday,Rice,lunch,482,417,147.0,overproduction,98,20,1159
2026-08-16,Sunday,Spinach,breakfast,24,22,14.0,overproduction,53,20,62
2026-08-16,Sunday,Spinach,dinner,63,55,14.0,overproduction,53,20,153
2026-08-16,Sunday,Spinach,lunch,50,46,14.0,overproduction,53,20,115
2026-08-16,Sunday,Vegetables,breakfast,72,64,23.0,plate_waste,78,19,190
2026-08-16,Sunday,Vegetables,dinner,111,106,23.0,plate_waste,78,19,225
2026-08-16,Sunday,Vegetables,lunch,180,170,23.0,plate_waste,78,19,380
2026-08-17,Monday,Bread,breakfast,55,51,26.0,overproduction,63,18,132
2026-08-17,Monday,Bread,dinner,68,60,26.0,overproduction,63,18,139
2026-08-17,Monday,Bread,lunch,109,95,26.0,overproduction,63,18,211
2026-08-17,Monday,Chicken,breakfast,105,94,67.0,overproduction,140,17,229
2026-08-17,Monday,Chicken,dinner,179,160,67.0,overproduction,140,17,340
2026-08-17,Monday,Chicken,lunch,228,191,67.0,overproduction,140,17,494
2026-08-17,Monday,Rice,breakfast,206,195,107.0,overproduction,98,19,392
2026-08-17,Monday,Rice,dinner,379,326,107.0,overproduction,98,19,808
2026-08-17,Monday,Rice,lunch,492,449,107.0,overproduction,98,19,933
2026-08-17,Monday,Spinach,breakfast,25,22,17.0,damaged,53,19,49
2026-08-17,Monday,Spinach,dinner,48,42,17.0,damaged,53,19,120
2026-08-17,Monday,Spinach,lunch,55,47,17.0,damaged,53,19,114
2026-08-17,Monday,Vegetables,breakfast,87,75,44.0,damaged,78,18,221
2026-08-17,Monday,Vegetables,dinner,116,108,44.0,damaged,78,18,307
2026-08-17,Monday,Vegetables,lunch,210,186,44.0,damaged,78,18,612
2026-08-18,Tuesday,Bread,breakfast,39,36,21.0,overproduction,63,17,104
2026-08-18,Tuesday,Bread,dinner,69,65,21.0,overproduction,63,17,195
2026-08-18,Tuesday,Bread,lunch,104,90,21.0,overproduction,63,17,287
2026-08-18,Tuesday,Chicken,breakfast,106,93,56.0,damaged,140,16,216
2026-08-18,Tuesday,Chicken,dinner,163,148,56.0,damaged,140,16,433
2026-08-18,Tuesday,Chicken,lunch,225,197,56.0,damaged,140,16,467
2026-08-18,Tuesday,Rice,breakfast,271,226,141.0,overproduction,98,18,501
2026-08-18,Tuesday,Rice,dinner,388,363,141.0,overproduction,98,18,899
2026-08-18,Tuesday,Rice,lunch,554,483,141.0,overproduction,98,18,1556
2026-08-18,Tuesday,Spinach,breakfast,28,24,12.0,overproduction,53,18,77
2026-08-18,Tuesday,Spinach,dinner,52,48,12.0,overproduction,53,18,104
2026-08-18,Tuesday,Spinach,lunch,67,63,12.0,overproduction,53,18,140
2026-08-18,Tuesday,Vegetables,breakfast,77,73,25.0,overproduction,78,17,148
2026-08-18,Tuesday,Vegetables,dinner,125,114,25.0,overproduction,78,17,237
2026-08-18,Tuesday,Vegetables,lunch,149,139,25.0,overproduction,78,17,298
2026-08-19,Wednesday,Bread,breakfast,44,41,21.0,damaged,63,16,127
2026-08-19,Wednesday,Bread,dinner,93,81,21.0,damaged,63,16,168
2026-08-19,Wednesday,Bread,lunch,86,80,21.0,damaged,63,16,182
2026-08-19,Wednesday,Chicken,breakfast,104,94,49.0,plate_waste,140,15,208
2026-08-19,Wednesday,Chicken,dinner,140,132,49.0,plate_waste,140,15,298
2026-08-19,Wednesday,Chicken,lunch,214,183,49.0,plate_waste,140,15,595
2026-08-19,Wednesday,Rice,breakfast,232,213,139.0,overproduction,98,17,581
2026-08-19,Wednesday,Rice,dinner,396,344,139.0,overproduction,98,17,698
2026-08-19,Wednesday,Rice,lunch,451,383,139.0,overproduction,98,17,1179
2026-08-19,Wednesday,Spinach,breakfast,33,30,14.0,plate_waste,53,17,68
2026-08-19,Wednesday,Spinach,dinner,57,51,14.0,plate_waste,53,17,111
2026-08-19,Wednesday,Spinach,lunch,33,28,14.0,plate_waste,53,17,62
2026-08-19,Wednesday,Vegetables,breakfast,97,86,30.0,overproduction,78,16,191
2026-08-19,Wednesday,Vegetables,dinner,122,112,30.0,overproduction,78,16,250
2026-08-19,Wednesday,Vegetables,lunch,148,139,30.0,overproduction,78,16,310
2026-08-20,Thursday,Bread,breakfast,41,37,33.0,spoilage,63,15,75
2026-08-20,Thursday,Bread,dinner,97,83,33.0,spoilage,63,15,245
2026-08-20,Thursday,Bread,lunch,111,96,33.0,spoilage,63,15,205
2026-08-20,Thursday,Chicken,breakfast,101,90,42.0,plate_waste,140,14,192
2026-08-20,Thursday,Chicken,dinner,168,156,42.0,plate_waste,140,14,414
2026-08-20,Thursday,Chicken,lunch,192,173,42.0,plate_waste,140,14,470
2026-08-20,Thursday,Rice,breakfast,247,222,152.0,overproduction,98,16,502
2026-08-20,Thursday,Rice,dinner,407,347,152.0,overproduction,98,16,742
2026-08-20,Thursday,Rice,lunch,500,433,152.0,overproduction,98,16,1418
2026-08-20,Thursday,Spinach,breakfast,44,41,15.0,spoilage,53,16,82
2026-08-20,Thursday,Spinach,dinner,54,49,15.0,spoilage,53,16,125
2026-08-20,Thursday,Spinach,lunch,70,63,15.0,spoilage,53,16,153
2026-08-20,Thursday,Vegetables,breakfast,83,71,47.0,damaged,78,15,188
2026-08-20,Thursday,Vegetables,dinner,112,106,47.0,damaged,78,15,219
2026-08-20,Thursday,Vegetables,lunch,195,166,47.0,damaged,78,15,449
2026-08-21,Friday,Bread,breakfast,39,33,16.0,overproduction,63,14,90
2026-08-21,Friday,Bread,dinner,47,42,16.0,overproduction,63,14,103
2026-08-21,Friday,Bread,lunch,74,69,16.0,overproduction,63,14,206
2026-08-21,Friday,Chicken,breakfast,79,66,45.0,overproduction,140,13,193
2026-08-21,Friday,Chicken,dinner,113,104,45.0,overproduction,140,13,218
2026-08-21,Friday,Chicken,lunch,170,147,45.0,overproduction,140,13,386
2026-08-21,Friday,Rice,breakfast,170,154,60.0,overproduction,98,15,390
2026-08-21,Friday,Rice,dinner,242,230,60.0,overproduction,98,15,557
2026-08-21,Friday,Rice,lunch,338,306,60.0,overproduction,98,15,996
2026-08-21,Friday,Spinach,breakfast,43,38,19.0,overproduction,53,15,85
2026-08-21,Friday,Spinach,dinner,73,61,19.0,overproduction,53,15,173
2026-08-21,Friday,Spinach,lunch,36,34,19.0,overproduction,53,15,71
2026-08-21,Friday,Vegetables,breakfast,54,50,15.0,overproduction,78,14,117
2026-08-21,Friday,Vegetables,dinner,79,74,15.0,overproduction,78,14,177
2026-08-21,Friday,Vegetables,lunch,80,74,15.0,overproduction,78,14,181
2026-08-22,Saturday,Bread,breakfast,34,30,9.0,plate_waste,63,13,83
2026-08-22,Saturday,Bread,dinner,38,36,9.0,plate_waste,63,13,98
2026-08-22,Saturday,Bread,lunch,61,58,9.0,plate_waste,63,13,135
2026-08-22,Saturday,Chicken,breakfast,66,61,40.0,overproduction,140,12,181
2026-08-22,Saturday,Chicken,dinner,114,104,40.0,overproduction,140,12,326
2026-08-22,Saturday,Chicken,lunch,162,137,40.0,overproduction,140,12,427
2026-08-22,Saturday,Rice,breakfast,156,144,63.0,plate_waste,98,14,366
2026-08-22,Saturday,Rice,dinner,231,215,63.0,plate_waste,98,14,704
2026-08-22,Saturday,Rice,lunch,333,298,63.0,plate_waste,98,14,624
2026-08-22,Saturday,Spinach,breakfast,30,26,12.0,damaged,53,14,71
2026-08-22,Saturday,Spinach,dinner,38,34,12.0,damaged,53,14,103
2026-08-22,Saturday,Spinach,lunch,56,52,12.0,damaged,53,14,156
2026-08-22,Saturday,Vegetables,breakfast,53,48,25.0,damaged,78,13,152
2026-08-22,Saturday,Vegetables,dinner,85,80,25.0,damaged,78,13,168
2026-08-22,Saturday,Vegetables,lunch,91,76,25.0,damaged,78,13,173
2026-08-23,Sunday,Bread,breakfast,58,54,18.0,damaged,63,12,116
2026-08-23,Sunday,Bread,dinner,73,68,18.0,damaged,63,12,163
2026-08-23,Sunday,Bread,lunch,105,96,18.0,damaged,63,12,238
2026-08-23,Sunday,Chicken,breakfast,111,102,63.0,overproduction,140,11,250
2026-08-23,Sunday,Chicken,dinner,144,127,63.0,overproduction,140,11,370
2026-08-23,Sunday,Chicken,lunch,239,202,63.0,overproduction,140,11,463
2026-08-23,Sunday,Rice,breakfast,277,243,147.0,overproduction,98,13,505
2026-08-23,Sunday,Rice,dinner,379,322,147.0,overproduction,98,13,860
2026-08-23,Sunday,Rice,lunch,486,430,147.0,overproduction,98,13,1354
2026-08-23,Sunday,Spinach,breakfast,27,25,16.0,plate_waste,53,13,62
2026-08-23,Sunday,Spinach,dinner,74,67,16.0,plate_waste,53,13,174
2026-08-23,Sunday,Spinach,lunch,43,36,16.0,plate_waste,53,13,89
2026-08-23,Sunday,Vegetables,breakfast,106,91,38.0,plate_waste,78,12,204
2026-08-23,Sunday,Vegetables,dinner,115,104,38.0,plate_waste,78,12,276
2026-08-23,Sunday,Vegetables,lunch,118,106,38.0,plate_waste,78,12,339
2026-08-24,Monday,Bread,breakfast,67,58,21.0,overproduction,63,11,184
2026-08-24,Monday,Bread,dinner,58,52,21.0,overproduction,63,11,114
2026-08-24,Monday,Bread,lunch,104,98,21.0,overproduction,63,11,310
2026-08-24,Monday,Chicken,breakfast,109,95,57.0,plate_waste,140,10,291
2026-08-24,Monday,Chicken,dinner,156,139,57.0,plate_waste,140,10,333
2026-08-24,Monday,Chicken,lunch,231,205,57.0,plate_waste,140,10,414
2026-08-24,Monday,Rice,breakfast,247,211,151.0,plate_waste,98,12,570
2026-08-24,Monday,Rice,dinner,425,367,151.0,plate_waste,98,12,868
2026-08-24,Monday,Rice,lunch,495,438,151.0,plate_waste,98,12,913
2026-08-24,Monday,Spinach,breakfast,42,39,26.0,damaged,53,12,83
2026-08-24,Monday,Spinach,dinner,88,74,26.0,damaged,53,12,207
2026-08-24,Monday,Spinach,lunch,87,78,26.0,damaged,53,12,216
2026-08-24,Monday,Vegetables,breakfast,66,57,41.0,spoilage,78,11,151
2026-08-24,Monday,Vegetables,dinner,125,114,41.0,spoilage,78,11,346
2026-08-24,Monday,Vegetables,lunch,138,117,41.0,spoilage,78,11,249
2026-08-25,Tuesday,Bread,breakfast,37,35,19.0,overproduction,63,10,82
2026-08-25,Tuesday,Bread,dinner,76,69,19.0,overproduction,63,10,198
2026-08-25,Tuesday,Bread,lunch,102,92,19.0,overproduction,63,10,225
2026-08-25,Tuesday,Chicken,breakfast,124,105,53.0,damaged,140,9,225
2026-08-25,Tuesday,Chicken,dinner,154,141,53.0,damaged,140,9,355
2026-08-25,Tuesday,Chicken,lunch,208,187,53.0,damaged,140,9,500
2026-08-25,Tuesday,Rice,breakfast,268,225,133.0,overproduction,98,11,515
2026-08-25,Tuesday,Rice,dinner,389,363,133.0,overproduction,98,11,1041
2026-08-25,Tuesday,Rice,lunch,511,447,133.0,overproduction,98,11,1195
2026-08-25,Tuesday,Spinach,breakfast,35,32,14.0,overproduction,53,11,82
2026-08-25,Tuesday,Spinach,dinner,39,33,14.0,overproduction,53,11,86
2026-08-25,Tuesday,Spinach,lunch,50,45,14.0,overproduction,53,11,134
2026-08-25,Tuesday,Vegetables,breakfast,58,50,41.0,damaged,78,10,153
2026-08-25,Tuesday,Vegetables,dinner,167,144,41.0,damaged,78,10,364
2026-08-25,Tuesday,Vegetables,lunch,160,150,41.0,damaged,78,10,478
2026-08-26,Wednesday,Bread,breakfast,72,43,58.0,overproduction,63,9,124
2026-08-26,Wednesday,Bread,dinner,115,86,58.0,overproduction,63,9,183
2026-08-26,Wednesday,Bread,lunch,54,70,58.0,overproduction,63,9,188
2026-08-26,Wednesday,Chicken,breakfast,144,91,170.0,preparation,140,8,211
2026-08-26,Wednesday,Chicken,dinner,86,143,170.0,preparation,140,8,396
2026-08-26,Wednesday,Chicken,lunch,288,171,170.0,preparation,140,8,388
2026-08-26,Wednesday,Rice,breakfast,344,217,127.0,overproduction,98,10,524
2026-08-26,Wednesday,Rice,dinner,206,338,127.0,overproduction,98,10,1003
2026-08-26,Wednesday,Rice,lunch,258,432,127.0,overproduction,98,10,1263
2026-08-26,Wednesday,Spinach,breakfast,18,33,52.0,damaged,53,10,94
2026-08-26,Wednesday,Spinach,dinner,77,47,52.0,damaged,53,10,99
2026-08-26,Wednesday,Spinach,lunch,96,74,52.0,damaged,53,10,170
2026-08-26,Wednesday,Vegetables,breakfast,120,62,58.0,spoilage,78,9,153
2026-08-26,Wednesday,Vegetables,dinner,72,119,58.0,spoilage,78,9,265
2026-08-26,Wednesday,Vegetables,lunch,90,186,58.0,spoilage,78,9,549
2026-08-27,Thursday,Bread,breakfast,45,40,24.0,overproduction,63,8,90
2026-08-27,Thursday,Bread,dinner,101,91,24.0,overproduction,63,8,223
2026-08-27,Thursday,Bread,lunch,88,79,24.0,overproduction,63,8,229
2026-08-27,Thursday,Chicken,breakfast,102,96,54.0,damaged,140,7,277
2026-08-27,Thursday,Chicken,dinner,177,156,54.0,damaged,140,7,396
2026-08-27,Thursday,Chicken,lunch,217,190,54.0,damaged,140,7,495
2026-08-27,Thursday,Rice,breakfast,245,214,106.0,overproduction,98,9,525
2026-08-27,Thursday,Rice,dinner,384,352,106.0,overproduction,98,9,890
2026-08-27,Thursday,Rice,lunch,500,457,106.0,overproduction,98,9,1194
2026-08-27,Thursday,Spinach,breakfast,35,32,12.0,damaged,53,9,79
2026-08-27,Thursday,Spinach,dinner,75,70,12.0,damaged,53,9,155
2026-08-27,Thursday,Spinach,lunch,34,30,12.0,damaged,53,9,86
2026-08-27,Thursday,Vegetables,breakfast,92,85,60.0,plate_waste,78,8,198
2026-08-27,Thursday,Vegetables,dinner,156,131,60.0,plate_waste,78,8,272
2026-08-27,Thursday,Vegetables,lunch,195,167,60.0,plate_waste,78,8,425
2026-08-28,Friday,Bread,breakfast,29,25,17.0,overproduction,63,7,71
2026-08-28,Friday,Bread,dinner,62,58,17.0,overproduction,63,7,181
2026-08-28,Friday,Bread,lunch,82,73,17.0,overproduction,63,7,148
2026-08-28,Friday,Chicken,breakfast,78,71,28.0,overproduction,140,6,169
2026-08-28,Friday,Chicken,dinner,109,98,28.0,overproduction,140,6,240
2026-08-28,Friday,Chicken,lunch,127,117,28.0,overproduction,140,6,379
2026-08-28,Friday,Rice,breakfast,171,144,97.0,spoilage,98,8,398
2026-08-28,Friday,Rice,dinner,239,222,97.0,spoilage,98,8,491
2026-08-28,Friday,Rice,lunch,376,323,97.0,spoilage,98,8,808
2026-08-28,Friday,Spinach,breakfast,28,26,8.0,overproduction,53,8,73
2026-08-28,Friday,Spinach,dinner,41,38,8.0,overproduction,53,8,124
2026-08-28,Friday,Spinach,lunch,48,45,8.0,overproduction,53,8,128
2026-08-28,Friday,Vegetables,breakfast,78,73,35.0,damaged,78,7,202
2026-08-28,Friday,Vegetables,dinner,114,96,35.0,damaged,78,7,207
2026-08-28,Friday,Vegetables,lunch,87,75,35.0,damaged,78,7,209
